kind,id,classe,nfac,area_mm2,rmin_mm,rmax_mm,length_mm,zmin_mm,zmax_mm,n_er,n_z,orient,azimut_deg
component,0,noyau,6520,5710.3797,0.3867,19.8285,19.4418,0.0000,25.9632,0.4751,0.4671,conique,-36.1
component,1,peripherique,4,11.2823,8.8317,12.9790,4.1473,6.5422,11.9369,0.2796,0.1946,radiale,-33.1
component,2,peripherique,4,3.6533,6.5831,8.8880,2.3049,6.1655,9.1296,0.6544,0.3702,conique,156.2
component,3,centrale,4,4.7477,4.4816,7.1596,2.6780,9.3006,12.8577,0.1487,0.2084,radiale,16.8
component,4,peripherique,4,4.2826,6.3641,8.3268,1.9626,7.9840,10.2141,0.2457,0.4415,radiale,-97.4
component,5,peripherique,3,2.9631,6.6594,9.8943,3.2349,6.5567,8.0416,0.4294,0.7962,horizontale,55.2
component,6,peripherique,3,2.3112,7.5393,10.1362,2.5969,5.9889,8.5318,0.0576,0.1105,radiale,7.1
component,7,peripherique,3,2.0306,6.7535,8.9644,2.2109,5.2312,5.9889,0.3363,0.8274,horizontale,15.5
component,8,peripherique,3,1.8901,9.2642,10.7187,1.4546,3.1649,4.9424,0.2218,0.4790,radiale,-29.1
component,9,peripherique,2,2.2945,11.8139,13.3463,1.5324,0.0000,2.8859,0.1842,0.0984,radiale,-54.9
component,10,centrale,2,1.2809,5.7776,7.2761,1.4985,7.7837,8.4750,0.4723,0.5660,conique,-14.8
component,11,peripherique,2,1.8725,7.2761,7.9984,0.7223,6.7863,9.6237,0.8710,0.1758,conique,-23.9
component,12,centrale,2,1.4805,5.0751,7.2499,2.1748,1.8957,3.2267,0.5348,0.5047,conique,-112.0
component,13,peripherique,2,1.2068,8.2711,9.5155,1.2444,7.3432,8.1290,0.7099,0.6134,horizontale,84.7
component,14,centrale,2,2.7357,3.1907,5.2929,2.1021,10.5843,12.5829,0.3418,0.2307,radiale,29.7
component,15,peripherique,2,1.5979,6.1530,7.4129,1.2599,7.7630,9.7193,0.3439,0.7336,horizontale,-163.1
component,16,peripherique,2,1.6843,6.6229,7.7487,1.1258,2.4566,2.9048,0.0644,0.9751,horizontale,-85.0
component,17,peripherique,2,1.3508,6.2616,8.1503,1.8888,5.1711,6.5326,0.2922,0.6104,horizontale,117.5
component,18,peripherique,2,1.5436,9.4600,11.0730,1.6130,4.4035,6.1655,0.0913,0.1995,radiale,-111.9
component,19,peripherique,2,2.4124,8.1649,9.9090,1.7441,6.1655,8.0659,0.2943,0.5339,radiale,-98.4
component,20,centrale,2,1.2853,5.7495,6.5232,0.7737,9.4569,10.5816,0.7973,0.3484,conique,-119.0
component,21,peripherique,2,1.1399,9.6011,11.3917,1.7906,4.9424,5.9218,0.3081,0.1130,radiale,-32.1
component,22,peripherique,2,2.7574,7.3884,10.2387,2.8504,8.0659,10.4447,0.7540,0.3242,conique,-91.0
component,23,centrale,2,2.0271,3.0762,4.1661,1.0900,10.9594,13.2792,0.8349,0.2057,conique,52.3
component,24,peripherique,2,1.7166,6.9373,8.1681,1.2307,5.1685,6.1655,0.4935,0.5227,conique,-155.0
component,25,centrale,1,0.8963,5.4931,6.4812,0.9881,0.0000,1.6080,0.0470,0.4547,radiale,115.8
component,26,peripherique,1,0.8198,7.7169,8.6051,0.8882,0.0000,0.9930,0.3191,0.7909,horizontale,125.5
component,27,peripherique,1,0.9866,8.0786,9.2548,1.1761,7.0741,7.7994,0.1188,0.9055,horizontale,-56.3
component,28,peripherique,1,1.0472,6.4331,7.9984,1.5653,8.9691,9.6832,0.3547,0.7821,horizontale,-27.6
component,29,peripherique,1,0.6001,7.0853,8.4579,1.3726,8.7761,9.6083,0.1086,0.5225,radiale,-75.5
component,30,peripherique,1,1.8108,7.5380,9.1126,1.5746,15.5405,17.2212,0.4900,0.5044,conique,102.1
component,31,peripherique,1,0.6903,9.1641,9.7473,0.5833,5.9570,6.9315,0.8654,0.4978,conique,87.5
component,32,peripherique,1,0.8330,7.0895,8.8193,1.7298,7.3432,7.8750,0.0153,0.8453,horizontale,80.8
component,33,peripherique,1,0.6588,7.2590,8.1859,0.9269,5.9654,7.2249,0.2988,0.4877,radiale,63.1
component,34,peripherique,1,0.7434,7.5748,9.2304,1.6556,7.8489,7.9226,0.0493,0.9986,horizontale,72.7
component,35,peripherique,1,0.5479,7.0846,8.0975,1.0129,3.5246,4.4757,0.5247,0.5055,conique,-177.8
component,36,peripherique,1,1.0435,6.7091,8.0952,1.3861,9.2045,10.2775,0.0661,0.7627,horizontale,34.2
component,37,peripherique,1,1.2318,6.9774,7.4129,0.4355,7.5626,8.8566,0.9678,0.0919,conique,-166.8
component,38,peripherique,1,0.9757,8.2790,9.7511,1.4721,1.6080,3.1190,0.0778,0.4720,radiale,48.4
component,39,peripherique,1,0.7253,7.8012,8.9981,1.1968,7.1818,8.5318,0.2876,0.3530,radiale,2.4
component,40,peripherique,1,1.2844,10.1067,11.4306,1.3239,5.2831,8.1982,0.5583,0.3503,conique,-105.5
component,41,peripherique,1,0.7754,6.5671,7.7194,1.1524,4.2045,5.1711,0.6860,0.1392,conique,119.3
component,42,peripherique,1,0.7593,7.6004,8.6614,1.0610,8.2231,9.1296,0.3481,0.7180,horizontale,163.0
component,43,peripherique,1,0.5923,7.4911,8.4681,0.9770,6.1655,6.8577,0.2156,0.7882,horizontale,-153.7
component,44,peripherique,1,1.2476,6.9426,8.6009,1.6583,8.8518,10.3113,0.5476,0.7276,horizontale,-88.2
component,45,peripherique,1,2.8431,11.0290,12.9535,1.9245,10.7320,13.9586,0.0662,0.2116,radiale,-35.1
component,46,peripherique,1,0.7051,8.2636,9.3998,1.1362,4.0212,5.2281,0.1900,0.1346,radiale,-0.5
component,47,peripherique,1,0.5952,8.2970,9.4512,1.1542,4.0212,4.3672,0.2285,0.9669,horizontale,3.1
component,48,peripherique,1,2.9421,6.4664,8.7348,2.2684,10.5816,12.2675,0.5912,0.6829,horizontale,-117.2
component,49,peripherique,1,1.1756,8.0287,9.1943,1.1656,4.6684,6.1655,0.7571,0.2125,conique,118.8
component,50,peripherique,1,0.6588,7.2098,8.4142,1.2044,4.4875,4.7469,0.1359,0.9854,horizontale,-125.6
component,51,peripherique,1,1.0230,8.6612,10.1067,1.4455,6.1655,6.4827,0.1263,0.9771,horizontale,-106.7
component,52,centrale,1,0.6255,5.8254,7.2314,1.4059,7.9562,8.9226,0.0456,0.0565,radiale,-104.4
component,53,peripherique,1,0.7535,6.9648,8.2629,1.2980,3.2725,4.0330,0.4789,0.8655,horizontale,-95.6
component,54,peripherique,1,0.6628,7.7050,8.9385,1.2335,4.2235,5.2815,0.3725,0.4136,conique,131.7
component,55,centrale,1,0.8006,4.7639,5.7903,1.0264,9.1689,10.6020,0.4136,0.1102,conique,114.2
component,56,peripherique,1,0.8601,7.0522,7.7126,0.6604,9.8510,11.3226,0.9280,0.3568,conique,-157.8
component,57,peripherique,1,0.8118,8.4116,9.5496,1.1380,4.7164,5.9876,0.1582,0.4481,radiale,-28.0
component,58,peripherique,1,0.8856,6.7858,7.8803,1.0946,6.1726,7.2714,0.7567,0.1600,conique,-8.9
component,59,peripherique,1,0.8941,8.4116,9.9166,1.5051,5.9876,7.1265,0.2842,0.3188,radiale,-29.9
component,60,peripherique,1,1.5318,11.3245,12.6947,1.3702,2.9010,5.6428,0.3857,0.1052,conique,-27.6
component,61,peripherique,1,0.8910,7.0004,8.1649,1.1645,6.7181,7.9840,0.3266,0.6115,horizontale,-95.4
component,62,peripherique,1,1.2001,7.6674,7.9556,0.2883,9.0166,11.2322,0.9667,0.0438,conique,174.4
component,63,peripherique,1,0.6524,7.2559,8.5798,1.3239,4.6849,5.7713,0.2145,0.1884,radiale,41.4
component,64,peripherique,1,0.6548,6.0197,7.1984,1.1787,5.7402,6.7212,0.2601,0.5353,radiale,48.4
component,65,peripherique,1,0.8051,8.8649,10.2515,1.3867,3.8972,5.1268,0.3627,0.3953,conique,90.1
component,66,centrale,1,0.6934,3.1527,4.7639,1.6112,10.5532,11.5352,0.1566,0.1770,radiale,111.8
component,67,centrale,1,3.3134,3.8552,6.2448,2.3896,11.4074,13.5237,0.0885,0.7014,horizontale,-133.3
component,68,peripherique,1,0.8431,7.1936,8.5296,1.3360,3.1583,4.0005,0.3540,0.7621,horizontale,-72.3
component,69,peripherique,1,1.3328,9.4968,10.7342,1.2374,6.7946,8.4524,0.7265,0.6232,horizontale,96.1
component,70,peripherique,1,0.6817,8.3452,9.6044,1.2591,5.9982,6.7946,0.3337,0.8286,horizontale,93.6
component,71,peripherique,1,0.5989,6.3690,7.0747,0.7058,4.5516,5.5538,0.6626,0.5191,conique,-150.2
component,72,centrale,1,0.8763,5.5313,7.0522,1.5209,9.1924,9.8510,0.3171,0.9252,horizontale,-158.7
component,73,peripherique,1,0.8101,6.0490,7.0747,1.0257,5.3120,6.6529,0.6184,0.1153,conique,-151.7
component,74,centrale,1,0.8890,2.6106,3.2639,0.6534,10.1103,11.7538,0.8421,0.0029,conique,151.8
component,75,peripherique,1,3.8420,6.3752,8.6117,2.2365,17.7874,20.6415,0.5860,0.2091,conique,97.7
component,76,centrale,1,0.9578,2.6446,3.8552,1.2106,10.2528,11.5558,0.7176,0.6950,horizontale,-136.7
component,77,peripherique,1,0.6951,6.3110,7.0522,0.7412,8.5887,9.8510,0.8586,0.4204,conique,-158.3
arm,0,bras,344,407.7740,4.9754,19.8285,14.8530,0.0000,20.7750,0.3416,0.4268,radiale,98.1
arm,1,bras,272,217.1711,5.0445,12.3999,7.3554,0.0000,13.4087,0.3624,0.5147,conique,-20.5
arm,2,bras,260,276.7920,5.2090,17.8384,12.6294,0.0000,17.8613,0.3226,0.4825,radiale,171.1
arm,3,bras,243,302.0813,4.9262,17.3707,12.4445,0.0000,22.3674,0.4557,0.4664,conique,-92.4
arm,4,bras,21,17.8528,5.3265,12.0366,6.7101,0.0000,3.2260,0.2671,0.3389,radiale,-32.2
arm,5,bras,16,12.9076,5.4295,7.9277,2.4982,2.8839,5.2348,0.3761,0.6473,horizontale,-83.1
arm,6,bras,8,6.7855,5.6477,7.5806,1.9328,6.5522,9.1071,0.2187,0.7587,horizontale,43.7
arm,7,bras,4,2.9669,5.2135,6.7881,1.5746,4.9945,6.1655,0.3417,0.4697,radiale,156.7
arm,8,bras,3,3.7323,6.1122,7.9513,1.8391,9.3915,11.8923,0.4354,0.6133,horizontale,-52.6
arm,9,bras,3,2.5576,5.8473,7.5101,1.6628,5.0699,6.0640,0.2840,0.7185,horizontale,11.6
arm,10,bras,2,1.2174,5.5861,7.0868,1.5007,0.0000,1.0383,0.4950,0.3466,conique,-25.0
arm,11,bras,2,1.0659,5.9274,7.3859,1.4585,1.3981,1.9365,0.1833,0.9335,horizontale,-152.2
arm,12,bras,2,1.7060,5.6943,6.5925,0.8982,4.2454,5.5323,0.4724,0.5918,conique,-59.1
arm,13,bras,2,1.8543,6.1465,6.9081,0.7616,7.5437,9.1765,0.8829,0.2782,conique,164.9
arm,14,bras,2,1.2576,6.1818,7.3281,1.1462,3.5060,5.0699,0.2728,0.6546,horizontale,19.1
arm,15,bras,2,1.3271,6.1530,6.9722,0.8192,6.6529,8.9934,0.6874,0.1309,conique,-153.2
arm,16,bras,1,0.5844,5.9114,6.1680,0.2565,0.0000,1.0383,0.9777,0.2098,conique,-30.3
arm,17,bras,1,0.5707,5.6146,6.8587,1.2440,0.0000,0.8548,0.4455,0.5296,conique,-135.3
arm,18,bras,1,1.0068,5.7851,7.6984,1.9133,8.7969,9.3915,0.0777,0.9115,horizontale,-38.2
arm,19,bras,1,0.7917,5.9042,7.0527,1.1485,6.7180,7.1585,0.1260,0.9664,horizontale,19.9
arm,20,bras,1,1.0125,5.8224,6.6379,0.8155,9.7182,11.4457,0.6692,0.3441,conique,106.1
arm,21,bras,1,1.1192,4.9861,6.5864,1.6003,0.9797,1.6080,0.3515,0.9236,horizontale,-10.6
arm,22,bras,1,0.5113,5.4876,6.4381,0.9506,1.6080,2.4868,0.5082,0.6043,horizontale,109.7
arm,23,bras,1,0.7093,5.8254,6.3641,0.5387,7.8146,9.3155,0.9082,0.2065,conique,-99.3
arm,24,bras,1,0.7270,5.7420,7.0439,1.3019,2.4996,3.4766,0.0821,0.6096,horizontale,-135.5
arm,25,bras,1,0.6713,6.0713,6.9520,0.8807,8.3622,8.5720,0.2081,0.9760,horizontale,-62.1
arm,26,bras,1,0.6507,5.5107,6.3282,0.8175,1.2154,2.0983,0.7249,0.5676,conique,155.9
arm,27,bras,1,0.9999,5.2032,6.6229,1.4197,1.6080,2.4573,0.3886,0.7155,horizontale,-78.8
arm,28,bras,1,2.1808,6.0036,7.0154,1.0117,10.5816,12.1510,0.8376,0.5130,conique,-100.4
arm,29,bras,1,0.8335,6.1707,7.2590,1.0884,5.1673,6.5522,0.4515,0.3130,conique,62.5
arm,30,bras,1,1.1031,5.3330,6.7896,1.4567,4.8139,6.5522,0.0328,0.3849,radiale,58.7
arm,31,bras,1,0.7962,5.7363,6.8031,1.0668,5.6775,6.9602,0.7213,0.2739,conique,130.7
arm,32,bras,1,3.4083,4.7779,7.4706,2.6927,20.6415,23.2997,0.2480,0.2138,radiale,84.3
