t,toolFx,toolFy,toolFz,toolX,toolY,toolZ,toolVx,toolVy,toolVz,work,toolKE,nBroken,nFrag,detachedVol,specificEnergy,grpZ,grpVz,grpFx,grpFy,grpFz,grpSzz,eEl,eJnt,eGc,eFric,eCund,eLys
0,0,0,0,1e+09,1e+09,1e+09,0,0,0,0,0,0,2,5.5138e-06,0,0.131502,-8,0,0,0,0,0,0,0,0,0,0
8.16441e-09,0,0,0,1e+09,1e+09,1e+09,0,0,0,0,0,0,2,5.5138e-06,0,0.131501,-8,0,0,0,7.99403e-05,3.7802e-24,-3.2915e-26,0,0,-8.31699e-14,-1.13494e-26
1.63288e-08,0,0,0,1e+09,1e+09,1e+09,0,0,0,0,0,0,2,5.5138e-06,0,0.131501,-8,0,0,0,-3.84797e-05,1.73597e-23,-1.18529e-24,0,0,-2.27518e-13,-7.07929e-26
2.44932e-08,0,0,0,1e+09,1e+09,1e+09,0,0,0,0,0,0,2,5.5138e-06,0,0.131501,-8,0,0,0,-0.000369543,4.01765e-23,-3.32784e-24,0,0,-3.12412e-13,-2.09118e-25
3.26577e-08,0,0,0,1e+09,1e+09,1e+09,0,0,0,0,0,0,2,5.5138e-06,0,0.131501,-8,0,0,0,-7.04568e-06,6.90446e-23,-7.19332e-23,0,0,-2.3823e-12,-4.48098e-25
4.08221e-08,0,0,0,1e+09,1e+09,1e+09,0,0,0,0,0,0,2,5.5138e-06,0,0.131501,-8,0,0,0,-2.96981e-05,1.00691e-22,-5.14278e-22,0,0,-3.24022e-12,-8.03303e-25
4.89865e-08,0,0,0,1e+09,1e+09,1e+09,0,0,0,0,0,0,2,5.5138e-06,0,0.131501,-8,0,0,0,0.000408495,1.43869e-22,-7.07305e-22,0,0,-3.91916e-12,-1.28636e-24
5.71509e-08,0,0,0,1e+09,1e+09,1e+09,0,0,0,0,0,0,2,5.5138e-06,0,0.131501,-8,0,0,0,-0.000415196,1.96641e-22,-1.30929e-21,0,0,-6.27452e-12,-1.90585e-24
6.53153e-08,0,0,0,1e+09,1e+09,1e+09,0,0,0,0,0,0,2,5.5138e-06,0,0.131501,-8,0,0,0,2.55199e-05,2.69526e-22,-1.32846e-21,0,0,-8.28857e-12,-2.66817e-24
7.34797e-08,0,0,0,1e+09,1e+09,1e+09,0,0,0,0,0,0,2,5.5138e-06,0,0.131501,-8,0,0,0,0.000252768,3.54986e-22,-1.38598e-21,0,0,-1.03386e-11,-3.57603e-24
8.16441e-08,0,0,0,1e+09,1e+09,1e+09,0,0,0,0,0,0,2,5.5138e-06,0,0.131501,-8,0,0,0,-4.88047e-05,4.38051e-22,-3.19172e-21,0,0,-1.69077e-11,-4.62907e-24
8.98085e-08,0,0,0,1e+09,1e+09,1e+09,0,0,0,0,0,0,2,5.5138e-06,0,0.131501,-8,0,0,0,-0.000120962,5.21279e-22,-4.41334e-21,0,0,-2.06703e-11,-5.83038e-24
9.7973e-08,0,0,0,1e+09,1e+09,1e+09,0,0,0,0,0,0,2,5.5138e-06,0,0.131501,-8,0,0,0,-4.8852e-05,6.0958e-22,-5.14603e-21,0,0,-2.32099e-11,-7.18475e-24
1.06137e-07,0,0,0,1e+09,1e+09,1e+09,0,0,0,0,0,0,2,5.5138e-06,0,0.131501,-8,0,0,0,0.000195556,7.03944e-22,-6.1012e-21,0,0,-2.64776e-11,-8.70456e-24
1.14302e-07,0,0,0,1e+09,1e+09,1e+09,0,0,0,0,0,0,2,5.5138e-06,0,0.131501,-8,0,0,0,-0.000179058,8.0583e-22,-7.28092e-21,0,0,-3.25118e-11,-1.03863e-23
1.22466e-07,0,0,0,1e+09,1e+09,1e+09,0,0,0,0,0,0,2,5.5138e-06,0,0.131501,-8,0,0,0,-3.90078e-05,9.18029e-22,-8.25817e-21,0,0,-3.77915e-11,-1.22523e-23
1.30631e-07,0,0,0,1e+09,1e+09,1e+09,0,0,0,0,0,0,2,5.5138e-06,0,0.1315,-8,0,0,0,-9.6511e-06,1.03895e-21,-9.43175e-21,0,0,-4.34518e-11,-1.43358e-23
1.38795e-07,0,0,0,1e+09,1e+09,1e+09,0,0,0,0,0,0,2,5.5138e-06,0,0.1315,-8,0,0,0,0.000314627,1.1572e-21,-1.22358e-20,0,0,-5.18945e-11,-1.66463e-23
1.46959e-07,0,0,0,1e+09,1e+09,1e+09,0,0,0,0,0,0,2,5.5138e-06,0,0.1315,-8,0,0,0,-0.000137206,1.27585e-21,-1.4227e-20,0,0,-5.82642e-11,-1.92085e-23
1.55124e-07,0,0,0,1e+09,1e+09,1e+09,0,0,0,0,0,0,2,5.5138e-06,0,0.1315,-8,0,0,0,-1.30387e-05,1.39424e-21,-1.5796e-20,0,0,-6.35711e-11,-2.2042e-23
1.63288e-07,0,0,0,1e+09,1e+09,1e+09,0,0,0,0,0,0,2,5.5138e-06,0,0.1315,-8,0,0,0,0.00018533,1.51244e-21,-1.73277e-20,0,0,-6.95005e-11,-2.51813e-23
1.71453e-07,0,0,0,1e+09,1e+09,1e+09,0,0,0,0,0,0,2,5.5138e-06,0,0.1315,-8,0,0,0,0.000392637,1.62938e-21,-1.91947e-20,0,0,-7.8607e-11,-2.86461e-23
1.79617e-07,0,0,0,1e+09,1e+09,1e+09,0,0,0,0,0,0,2,5.5138e-06,0,0.1315,-8,0,0,0,3.4737e-05,1.74424e-21,-2.16231e-20,0,0,-8.62385e-11,-3.24551e-23
1.87782e-07,0,0,0,1e+09,1e+09,1e+09,0,0,0,0,0,0,2,5.5138e-06,0,0.1315,-8,0,0,0,6.20499e-05,1.85966e-21,-2.37011e-20,0,0,-9.26496e-11,-3.66242e-23
1.95946e-07,0,0,0,1e+09,1e+09,1e+09,0,0,0,0,0,0,2,5.5138e-06,0,0.1315,-8,0,0,0,0.0001845,1.97292e-21,-2.57548e-20,0,0,-9.93133e-11,-4.11445e-23
2.0411e-07,0,0,0,1e+09,1e+09,1e+09,0,0,0,0,0,0,2,5.5138e-06,0,0.1315,-8,0,0,0,0.000132695,2.07841e-21,-2.8217e-20,0,0,-1.0818e-10,-4.60417e-23
2.12275e-07,0,0,0,1e+09,1e+09,1e+09,0,0,0,0,0,0,2,5.5138e-06,0,0.1315,-8,0,0,0,0.000242338,2.17438e-21,-3.07328e-20,0,0,-1.1676e-10,-5.13555e-23
2.20439e-07,0,0,0,1e+09,1e+09,1e+09,0,0,0,0,0,0,2,5.5138e-06,0,0.1315,-8,0,0,0,0.00014621,2.26014e-21,-3.29739e-20,0,0,-1.24032e-10,-5.7066e-23
2.28604e-07,0,0,0,1e+09,1e+09,1e+09,0,0,0,0,0,0,2,5.5138e-06,0,0.1315,-8,0,0,0,0.000173489,2.33138e-21,-3.56373e-20,0,0,-1.31547e-10,-6.31618e-23
2.36768e-07,0,0,0,1e+09,1e+09,1e+09,0,0,0,0,0,0,2,5.5138e-06,0,0.1315,-8,0,0,0,0.000177837,2.38959e-21,-3.85299e-20,0,0,-1.40433e-10,-6.95802e-23
2.44932e-07,0,0,0,1e+09,1e+09,1e+09,0,0,0,0,0,0,2,5.5138e-06,0,0.1315,-8,0,0,0,0.000281993,2.43744e-21,-4.12705e-20,0,0,-1.49242e-10,-7.63243e-23
2.53097e-07,0,0,0,1e+09,1e+09,1e+09,0,0,0,0,0,0,2,5.5138e-06,0,0.1315,-8,0,0,0,0.000364069,2.476e-21,-4.40669e-20,0,0,-1.57605e-10,-8.33183e-23
2.61261e-07,0,0,0,1e+09,1e+09,1e+09,0,0,0,0,0,0,2,5.5138e-06,0,0.131499,-8,0,0,0,0.00036826,2.50498e-21,-4.69367e-20,0,0,-1.6582e-10,-9.05533e-23
2.69426e-07,0,0,0,1e+09,1e+09,1e+09,0,0,0,0,0,0,2,5.5138e-06,0,0.131499,-8,0,0,0,0.000334801,2.52411e-21,-5.0108e-20,0,0,-1.7477e-10,-9.80567e-23
2.7759e-07,0,0,0,1e+09,1e+09,1e+09,0,0,0,0,0,0,2,5.5138e-06,0,0.131499,-8,0,0,0,0.000328187,2.53344e-21,-5.33196e-20,0,0,-1.83845e-10,-1.05841e-22
2.85754e-07,0,0,0,1e+09,1e+09,1e+09,0,0,0,0,0,0,2,5.5138e-06,0,0.131499,-8,0,0,0,0.000366936,2.53743e-21,-5.62861e-20,0,0,-1.92697e-10,-1.13858e-22
2.93919e-07,0,0,0,1e+09,1e+09,1e+09,0,0,0,0,0,0,2,5.5138e-06,0,0.131499,-8,0,0,0,0.000597222,2.53245e-21,-5.95926e-20,0,0,-2.01369e-10,-1.22091e-22
3.02083e-07,0,0,0,1e+09,1e+09,1e+09,0,0,0,0,0,0,2,5.5138e-06,0,0.131499,-8,0,0,0,0.000582639,2.51975e-21,-6.32141e-20,0,0,-2.10452e-10,-1.30542e-22
3.10248e-07,0,0,0,1e+09,1e+09,1e+09,0,0,0,0,0,0,2,5.5138e-06,0,0.131499,-8,0,0,0,0.000606673,2.50301e-21,-6.65658e-20,0,0,-2.19797e-10,-1.39154e-22
3.18412e-07,0,0,0,1e+09,1e+09,1e+09,0,0,0,0,0,0,2,5.5138e-06,0,0.131499,-8,0,0,0,0.000732485,2.48302e-21,-6.9899e-20,0,0,-2.28871e-10,-1.47911e-22
3.26577e-07,0,0,0,1e+09,1e+09,1e+09,0,0,0,0,0,0,2,5.5138e-06,0,0.131499,-8,0,0,0,0.000617733,2.45488e-21,-7.3603e-20,0,0,-2.38027e-10,-1.56858e-22
3.34741e-07,0,0,0,1e+09,1e+09,1e+09,0,0,0,0,0,0,2,5.5138e-06,0,0.131499,-8,0,0,0,0.000857606,2.42231e-21,-7.73179e-20,0,0,-2.47281e-10,-1.66021e-22
3.42905e-07,0,0,0,1e+09,1e+09,1e+09,0,0,0,0,0,0,2,5.5138e-06,0,0.131499,-8,0,0,0,0.000755387,2.38431e-21,-8.0926e-20,0,0,-2.5687e-10,-1.7537e-22
3.5107e-07,0,0,0,1e+09,1e+09,1e+09,0,0,0,0,0,0,2,5.5138e-06,0,0.131499,-8,0,0,0,0.000892142,2.34169e-21,-8.48837e-20,0,0,-2.66595e-10,-1.84939e-22
3.59234e-07,0,0,0,1e+09,1e+09,1e+09,0,0,0,0,0,0,2,5.5138e-06,0,0.131499,-8,0,0,0,0.000856116,2.2989e-21,-8.87738e-20,0,0,-2.76205e-10,-1.94738e-22
3.67399e-07,0,0,0,1e+09,1e+09,1e+09,0,0,0,0,0,0,2,5.5138e-06,0,0.131499,-8,0,0,0,0.000930689,2.25516e-21,-9.27562e-20,0,0,-2.85743e-10,-2.04736e-22
3.75563e-07,0,0,0,1e+09,1e+09,1e+09,0,0,0,0,0,0,2,5.5138e-06,0,0.131499,-8,0,0,0,0.00105144,2.20838e-21,-9.69062e-20,0,0,-2.95341e-10,-2.14909e-22
3.83727e-07,0,0,0,1e+09,1e+09,1e+09,0,0,0,0,0,0,2,5.5138e-06,0,0.131498,-8,0,0,0,0.00118248,2.15821e-21,-1.01108e-19,0,0,-3.05217e-10,-2.25248e-22
3.91892e-07,0,0,0,1e+09,1e+09,1e+09,0,0,0,0,0,0,2,5.5138e-06,0,0.131498,-8,0,0,0,0.00110505,2.10447e-21,-1.05393e-19,0,0,-3.15179e-10,-2.35783e-22
4.00056e-07,0,0,0,1e+09,1e+09,1e+09,0,0,0,0,0,0,2,5.5138e-06,0,0.131498,-8,0,0,0,0.00117548,2.04864e-21,-1.09632e-19,0,0,-3.25207e-10,-2.46491e-22
4.08221e-07,0,0,0,1e+09,1e+09,1e+09,0,0,0,0,0,0,2,5.5138e-06,0,0.131498,-8,0,0,0,0.00104796,1.99093e-21,-1.14139e-19,0,0,-3.35148e-10,-2.57359e-22
4.16385e-07,0,0,0,1e+09,1e+09,1e+09,0,0,0,0,0,0,2,5.5138e-06,0,0.131498,-8,0,0,0,0.00125011,1.93168e-21,-1.18596e-19,0,0,-3.45063e-10,-2.68404e-22
4.2455e-07,0,0,0,1e+09,1e+09,1e+09,0,0,0,0,0,0,2,5.5138e-06,0,0.131498,-8,0,0,0,0.00151085,1.87183e-21,-1.23051e-19,0,0,-3.55008e-10,-2.7954e-22
4.32714e-07,0,0,0,1e+09,1e+09,1e+09,0,0,0,0,0,0,2,5.5138e-06,0,0.131498,-8,0,0,0,0.00146991,1.80902e-21,-1.27639e-19,0,0,-3.65032e-10,-2.90839e-22
4.40878e-07,0,0,0,1e+09,1e+09,1e+09,0,0,0,0,0,0,2,5.5138e-06,0,0.131498,-8,0,0,0,0.00158664,1.74407e-21,-1.32509e-19,0,0,-3.75289e-10,-3.02261e-22
4.49043e-07,0,0,0,1e+09,1e+09,1e+09,0,0,0,0,0,0,2,5.5138e-06,0,0.131498,-8,0,0,0,0.00156217,1.68058e-21,-1.37222e-19,0,0,-3.85656e-10,-3.13774e-22
4.57207e-07,0,0,0,1e+09,1e+09,1e+09,0,0,0,0,0,0,2,5.5138e-06,0,0.131498,-8,0,0,0,0.00163174,1.61631e-21,-1.42008e-19,0,0,-3.95897e-10,-3.25392e-22
4.65372e-07,0,0,0,1e+09,1e+09,1e+09,0,0,0,0,0,0,2,5.5138e-06,0,0.131498,-8,0,0,0,0.00181554,1.54961e-21,-1.47041e-19,0,0,-4.06356e-10,-3.372e-22
4.73536e-07,0,0,0,1e+09,1e+09,1e+09,0,0,0,0,0,0,2,5.5138e-06,0,0.131498,-8,0,0,0,0.00180517,1.48319e-21,-1.51922e-19,0,0,-4.16691e-10,-3.49142e-22
4.817e-07,0,0,0,1e+09,1e+09,1e+09,0,0,0,0,0,0,2,5.5138e-06,0,0.131498,-8,0,0,0,0.00195693,1.41704e-21,-1.56929e-19,0,0,-4.26942e-10,-3.61289e-22
4.89865e-07,0,0,0,1e+09,1e+09,1e+09,0,0,0,0,0,0,2,5.5138e-06,0,0.131498,-8,0,0,0,0.00198392,1.34922e-21,-1.62168e-19,0,0,-4.37286e-10,-3.73551e-22
4.98029e-07,0,0,0,1e+09,1e+09,1e+09,0,0,0,0,0,0,2,5.5138e-06,0,0.131498,-8,0,0,0,0.00218842,1.28196e-21,-1.67404e-19,0,0,-4.47787e-10,-3.85958e-22
5.06194e-07,0,0,0,1e+09,1e+09,1e+09,0,0,0,0,0,0,2,5.5138e-06,0,0.131497,-8,0,0,0,0.00224807,1.21382e-21,-1.72564e-19,0,0,-4.58286e-10,-3.98412e-22
5.14358e-07,0,0,0,1e+09,1e+09,1e+09,0,0,0,0,0,0,2,5.5138e-06,0,0.131497,-8,0,0,0,0.00236222,1.14534e-21,-1.77958e-19,0,0,-4.68671e-10,-4.11003e-22
5.22522e-07,0,0,0,1e+09,1e+09,1e+09,0,0,0,0,0,0,2,5.5138e-06,0,0.131497,-8,0,0,0,0.00225621,1.07725e-21,-1.83292e-19,0,0,-4.79123e-10,-4.23649e-22
5.30687e-07,0,0,0,1e+09,1e+09,1e+09,0,0,0,0,0,0,2,5.5138e-06,0,0.131497,-8,0,0,0,0.00250015,1.00484e-21,-1.89021e-19,0,0,-4.89775e-10,-4.36396e-22
5.38851e-07,0,0,0,1e+09,1e+09,1e+09,0,0,0,0,0,0,2,5.5138e-06,0,0.131497,-8,0,0,0,0.00257,9.32656e-22,-1.94687e-19,0,0,-5.00368e-10,-4.49254e-22
5.47016e-07,0,0,0,1e+09,1e+09,1e+09,0,0,0,0,0,0,2,5.5138e-06,0,0.131497,-8,0,0,0,0.00267509,8.66805e-22,-1.99955e-19,0,0,-5.10852e-10,-4.62269e-22
5.5518e-07,0,0,0,1e+09,1e+09,1e+09,0,0,0,0,0,0,2,5.5138e-06,0,0.131497,-8,0,0,0,0.00257207,7.9785e-22,-2.0581e-19,0,0,-5.21316e-10,-4.753e-22
5.63345e-07,0,0,0,1e+09,1e+09,1e+09,0,0,0,0,0,0,2,5.5138e-06,0,0.131497,-8,0,0,0,0.00279416,7.28313e-22,-2.11763e-19,0,0,-5.31807e-10,-4.88376e-22
5.71509e-07,0,0,0,1e+09,1e+09,1e+09,0,0,0,0,0,0,2,5.5138e-06,0,0.131497,-8,0,0,0,0.00296854,6.5992e-22,-2.17647e-19,0,0,-5.42444e-10,-5.01462e-22
5.79673e-07,0,0,0,1e+09,1e+09,1e+09,0,0,0,0,0,0,2,5.5138e-06,0,0.131497,-8,0,0,0,0.00292319,5.89387e-22,-2.23561e-19,0,0,-5.53113e-10,-5.14628e-22
5.87838e-07,0,0,0,1e+09,1e+09,1e+09,0,0,0,0,0,0,2,5.5138e-06,0,0.131497,-8,0,0,0,0.00301103,5.19894e-22,-2.29362e-19,0,0,-5.63615e-10,-5.27775e-22
5.96002e-07,0,0,0,1e+09,1e+09,1e+09,0,0,0,0,0,0,2,5.5138e-06,0,0.131497,-8,0,0,0,0.00320965,4.48614e-22,-2.35593e-19,0,0,-5.7409e-10,-5.40993e-22
6.04167e-07,0,0,0,1e+09,1e+09,1e+09,0,0,0,0,0,0,2,5.5138e-06,0,0.131497,-8,0,0,0,0.00353072,3.79786e-22,-2.41899e-19,0,0,-5.84679e-10,-5.54223e-22
6.12331e-07,0,0,0,1e+09,1e+09,1e+09,0,0,0,0,0,0,2,5.5138e-06,0,0.131497,-8,0,0,0,0.00336563,3.13875e-22,-2.4793e-19,0,0,-5.95205e-10,-5.67515e-22
6.20495e-07,0,0,0,1e+09,1e+09,1e+09,0,0,0,0,0,0,2,5.5138e-06,0,0.131497,-8,0,0,0,0.00341465,2.46373e-22,-2.54327e-19,0,0,-6.05696e-10,-5.80889e-22
6.2866e-07,0,0,0,1e+09,1e+09,1e+09,0,0,0,0,0,0,2,5.5138e-06,0,0.131497,-8,0,0,0,0.00371721,1.84114e-22,-2.60639e-19,0,0,-6.16237e-10,-5.9432e-22
6.36824e-07,0,0,0,1e+09,1e+09,1e+09,0,0,0,0,0,0,2,5.5138e-06,0,0.131496,-8,0,0,0,0.00375235,1.1711e-22,-2.67019e-19,0,0,-6.26802e-10,-6.07821e-22
6.44989e-07,0,0,0,1e+09,1e+09,1e+09,0,0,0,0,0,0,2,5.5138e-06,0,0.131496,-8,0,0,0,0.00377373,4.62384e-23,-2.73629e-19,0,0,-6.37267e-10,-6.21284e-22
6.53153e-07,0,0,0,1e+09,1e+09,1e+09,0,0,0,0,0,0,2,5.5138e-06,0,0.131496,-8,0,0,0,0.00392165,-2.54459e-23,-2.80025e-19,0,0,-6.47775e-10,-6.34799e-22
6.61317e-07,0,0,0,1e+09,1e+09,1e+09,0,0,0,0,0,0,2,5.5138e-06,0,0.131496,-8,0,0,0,0.00409021,-9.74961e-23,-2.86845e-19,0,0,-6.58299e-10,-6.48328e-22
6.69482e-07,0,0,0,1e+09,1e+09,1e+09,0,0,0,0,0,0,2,5.5138e-06,0,0.131496,-8,0,0,0,0.00415029,-1.71879e-22,-2.93598e-19,0,0,-6.68883e-10,-6.61796e-22
6.77646e-07,0,0,0,1e+09,1e+09,1e+09,0,0,0,0,0,0,2,5.5138e-06,0,0.131496,-8,0,0,0,0.00451293,-2.43544e-22,-3.00229e-19,0,0,-6.79461e-10,-6.75345e-22
6.85811e-07,0,0,0,1e+09,1e+09,1e+09,0,0,0,0,0,0,2,5.5138e-06,0,0.131496,-8,0,0,0,0.00449881,-3.09255e-22,-3.07048e-19,0,0,-6.8994e-10,-6.88888e-22
6.93975e-07,0,0,0,1e+09,1e+09,1e+09,0,0,0,0,0,0,2,5.5138e-06,0,0.131496,-8,0,0,0,0.00454816,-3.78621e-22,-3.14452e-19,0,0,-7.00538e-10,-7.02459e-22
7.0214e-07,0,0,0,1e+09,1e+09,1e+09,0,0,0,0,0,0,2,5.5138e-06,0,0.131496,-8,0,0,0,0.00476098,-4.44207e-22,-3.21286e-19,0,0,-7.11067e-10,-7.16046e-22
7.10304e-07,0,0,0,1e+09,1e+09,1e+09,0,0,0,0,0,0,2,5.5138e-06,0,0.131496,-8,0,0,0,0.00469057,-5.11745e-22,-3.28222e-19,0,0,-7.21478e-10,-7.29584e-22
7.18468e-07,0,0,0,1e+09,1e+09,1e+09,0,0,0,0,0,0,2,5.5138e-06,0,0.131496,-8,0,0,0,0.00486439,-5.82003e-22,-3.35718e-19,0,0,-7.31971e-10,-7.43141e-22
7.26633e-07,0,0,0,1e+09,1e+09,1e+09,0,0,0,0,0,0,2,5.5138e-06,0,0.131496,-8,0,0,0,0.00494281,-6.51949e-22,-3.42965e-19,0,0,-7.42407e-10,-7.56634e-22
7.34797e-07,0,0,0,1e+09,1e+09,1e+09,0,0,0,0,0,0,2,5.5138e-06,0,0.131496,-8,0,0,0,0.00518517,-7.20801e-22,-3.50139e-19,0,0,-7.52912e-10,-7.70169e-22
7.42962e-07,0,0,0,1e+09,1e+09,1e+09,0,0,0,0,0,0,2,5.5138e-06,0,0.131496,-8,0,0,0,0.00525902,-7.91023e-22,-3.5724e-19,0,0,-7.63258e-10,-7.83672e-22
7.51126e-07,0,0,0,1e+09,1e+09,1e+09,0,0,0,0,0,0,2,5.5138e-06,0,0.131496,-8,0,0,0,0.0054654,-8.65927e-22,-3.64906e-19,0,0,-7.73773e-10,-7.97186e-22
7.5929e-07,0,0,0,1e+09,1e+09,1e+09,0,0,0,0,0,0,2,5.5138e-06,0,0.131495,-8,0,0,0,0.00556433,-9.38268e-22,-3.72696e-19,0,0,-7.8435e-10,-8.10636e-22
7.67455e-07,0,0,0,1e+09,1e+09,1e+09,0,0,0,0,0,0,2,5.5138e-06,0,0.131495,-8,0,0,0,0.0055061,-1.00791e-21,-3.79915e-19,0,0,-7.949e-10,-8.24147e-22
7.75619e-07,0,0,0,1e+09,1e+09,1e+09,0,0,0,0,0,0,2,5.5138e-06,0,0.131495,-8,0,0,0,0.00561302,-1.08263e-21,-3.87746e-19,0,0,-8.05433e-10,-8.37643e-22
7.83784e-07,0,0,0,1e+09,1e+09,1e+09,0,0,0,0,0,0,2,5.5138e-06,0,0.131495,-8,0,0,0,0.00577321,-1.15854e-21,-3.9571e-19,0,0,-8.16006e-10,-8.51117e-22
7.91948e-07,0,0,0,1e+09,1e+09,1e+09,0,0,0,0,0,0,2,5.5138e-06,0,0.131495,-8,0,0,0,0.00597716,-1.23253e-21,-4.03132e-19,0,0,-8.26571e-10,-8.64567e-22
8.00113e-07,0,0,0,1e+09,1e+09,1e+09,0,0,0,0,0,0,2,5.5138e-06,0,0.131495,-8,0,0,0,0.00615565,-1.30819e-21,-4.10925e-19,0,0,-8.36956e-10,-8.77981e-22
8.08277e-07,0,0,0,1e+09,1e+09,1e+09,0,0,0,0,0,0,2,5.5138e-06,0,0.131495,-8,0,0,0,0.00618143,-1.38282e-21,-4.18898e-19,0,0,-8.47443e-10,-8.91408e-22
8.16441e-07,0,0,0,1e+09,1e+09,1e+09,0,0,0,0,0,0,2,5.5138e-06,0,0.131495,-8,0,0,0,0.00634567,-1.45809e-21,-4.26844e-19,0,0,-8.58055e-10,-9.04746e-22
8.24606e-07,0,0,0,1e+09,1e+09,1e+09,0,0,0,0,0,0,2,5.5138e-06,0,0.131495,-8,0,0,0,0.00639931,-1.53133e-21,-4.34684e-19,0,0,-8.68507e-10,-9.18161e-22
8.3277e-07,0,0,0,1e+09,1e+09,1e+09,0,0,0,0,0,0,2,5.5138e-06,0,0.131495,-8,0,0,0,0.00639258,-1.60549e-21,-4.4269e-19,0,0,-8.79041e-10,-9.31546e-22
8.40935e-07,0,0,0,1e+09,1e+09,1e+09,0,0,0,0,0,0,2,5.5138e-06,0,0.131495,-8,0,0,0,0.00663813,-1.6766e-21,-4.50346e-19,0,0,-8.89466e-10,-9.44971e-22
8.49099e-07,0,0,0,1e+09,1e+09,1e+09,0,0,0,0,0,0,2,5.5138e-06,0,0.131495,-8,0,0,0,0.00677817,-1.754e-21,-4.58411e-19,0,0,-8.99954e-10,-9.58269e-22
8.57263e-07,0,0,0,1e+09,1e+09,1e+09,0,0,0,0,0,0,2,5.5138e-06,0,0.131495,-8,0,0,0,0.0069434,-1.83395e-21,-4.66539e-19,0,0,-9.10584e-10,-9.71566e-22
8.65428e-07,0,0,0,1e+09,1e+09,1e+09,0,0,0,0,0,0,2,5.5138e-06,0,0.131495,-8,0,0,0,0.00701067,-1.91575e-21,-4.74443e-19,0,0,-9.21204e-10,-9.84888e-22
8.73592e-07,0,0,0,1e+09,1e+09,1e+09,0,0,0,0,0,0,2,5.5138e-06,0,0.131495,-8,0,0,0,0.00725905,-1.99944e-21,-4.82606e-19,0,0,-9.31813e-10,-9.98092e-22
8.81757e-07,0,0,0,1e+09,1e+09,1e+09,0,0,0,0,0,0,2,5.5138e-06,0,0.131494,-8,0,0,0,0.00734488,-2.07871e-21,-4.90195e-19,0,0,-9.42392e-10,-1.01136e-21
8.89921e-07,0,0,0,1e+09,1e+09,1e+09,0,0,0,0,0,0,2,5.5138e-06,0,0.131494,-8,0,0,0,0.0074777,-2.16048e-21,-4.98175e-19,0,0,-9.53024e-10,-1.02458e-21
8.98085e-07,0,0,0,1e+09,1e+09,1e+09,0,0,0,0,0,0,2,5.5138e-06,0,0.131494,-8,0,0,0,0.00742971,-2.24441e-21,-5.06513e-19,0,0,-9.63641e-10,-1.03786e-21
9.0625e-07,0,0,0,1e+09,1e+09,1e+09,0,0,0,0,0,0,2,5.5138e-06,0,0.131494,-8,0,0,0,0.00752986,-2.32625e-21,-5.14413e-19,0,0,-9.7424e-10,-1.05106e-21
9.14414e-07,0,0,0,1e+09,1e+09,1e+09,0,0,0,0,0,0,2,5.5138e-06,0,0.131494,-8,0,0,0,0.00798764,-2.40927e-21,-5.22343e-19,0,0,-9.84904e-10,-1.06431e-21
9.22579e-07,0,0,0,1e+09,1e+09,1e+09,0,0,0,0,0,0,2,5.5138e-06,0,0.131494,-8,0,0,0,0.008069,-2.49414e-21,-5.29991e-19,0,0,-9.95644e-10,-1.07752e-21
9.30743e-07,0,0,0,1e+09,1e+09,1e+09,0,0,0,0,0,0,2,5.5138e-06,0,0.131494,-8,0,0,0,0.00809576,-2.58305e-21,-5.38036e-19,0,0,-1.00632e-09,-1.09072e-21
9.38908e-07,0,0,0,1e+09,1e+09,1e+09,0,0,0,0,0,0,2,5.5138e-06,0,0.131494,-8,0,0,0,0.00823545,-2.67321e-21,-5.4613e-19,0,0,-1.01701e-09,-1.10399e-21
9.47072e-07,0,0,0,1e+09,1e+09,1e+09,0,0,0,0,0,0,2,5.5138e-06,0,0.131494,-8,0,0,0,0.00853904,-2.75967e-21,-5.53845e-19,0,0,-1.0277e-09,-1.1172e-21
9.55236e-07,0,0,0,1e+09,1e+09,1e+09,0,0,0,0,0,0,2,5.5138e-06,0,0.131494,-8,0,0,0,0.00856624,-2.84457e-21,-5.61738e-19,0,0,-1.0385e-09,-1.13041e-21
9.63401e-07,0,0,0,1e+09,1e+09,1e+09,0,0,0,0,0,0,2,5.5138e-06,0,0.131494,-8,0,0,0,0.00881545,-2.93294e-21,-5.69686e-19,0,0,-1.04944e-09,-1.1436e-21
9.71565e-07,0,0,0,1e+09,1e+09,1e+09,0,0,0,0,0,0,2,5.5138e-06,0,0.131494,-8,0,0,0,0.00880081,-3.0218e-21,-5.77414e-19,0,0,-1.06026e-09,-1.15683e-21
9.7973e-07,0,0,0,1e+09,1e+09,1e+09,0,0,0,0,0,0,2,5.5138e-06,0,0.131494,-8,0,0,0,0.00893157,-3.11359e-21,-5.85321e-19,0,0,-1.071e-09,-1.17008e-21
9.87894e-07,0,0,0,1e+09,1e+09,1e+09,0,0,0,0,0,0,2,5.5138e-06,0,0.131494,-8,0,0,0,0.00910832,-3.20281e-21,-5.93259e-19,0,0,-1.08198e-09,-1.18336e-21
9.96058e-07,0,0,0,1e+09,1e+09,1e+09,0,0,0,0,0,0,2,5.5138e-06,0,0.131494,-8,0,0,0,0.00919764,-3.28849e-21,-6.0087e-19,0,0,-1.09307e-09,-1.19662e-21
1.00422e-06,0,0,0,1e+09,1e+09,1e+09,0,0,0,0,0,0,2,5.5138e-06,0,0.131494,-8,0,0,0,0.00933582,-3.37686e-21,-6.08487e-19,0,0,-1.104e-09,-1.20991e-21
1.01239e-06,0,0,0,1e+09,1e+09,1e+09,0,0,0,0,0,0,2,5.5138e-06,0,0.131493,-8,0,0,0,0.00963229,-3.46739e-21,-6.16375e-19,0,0,-1.11487e-09,-1.22319e-21
1.02055e-06,0,0,0,1e+09,1e+09,1e+09,0,0,0,0,0,0,2,5.5138e-06,0,0.131493,-8,0,0,0,0.00980801,-3.56381e-21,-6.24395e-19,0,0,-1.12611e-09,-1.23648e-21
1.02872e-06,0,0,0,1e+09,1e+09,1e+09,0,0,0,0,0,0,2,5.5138e-06,0,0.131493,-8,0,0,0,0.00959081,-3.66189e-21,-6.32184e-19,0,0,-1.13734e-09,-1.24978e-21
1.03688e-06,0,0,0,1e+09,1e+09,1e+09,0,0,0,0,0,0,2,5.5138e-06,0,0.131493,-8,0,0,0,0.00992552,-3.75538e-21,-6.39781e-19,0,0,-1.14845e-09,-1.26313e-21
1.04504e-06,0,0,0,1e+09,1e+09,1e+09,0,0,0,0,0,0,2,5.5138e-06,0,0.131493,-8,0,0,0,0.0100721,-3.84868e-21,-6.4728e-19,0,0,-1.15956e-09,-1.27643e-21
1.05321e-06,0,0,0,1e+09,1e+09,1e+09,0,0,0,0,0,0,2,5.5138e-06,0,0.131493,-8,0,0,0,0.0102535,-3.94763e-21,-6.55267e-19,0,0,-1.171e-09,-1.28969e-21
1.06137e-06,0,0,0,1e+09,1e+09,1e+09,0,0,0,0,0,0,2,5.5138e-06,0,0.131493,-8,0,0,0,0.0105022,-4.05302e-21,-6.63218e-19,0,0,-1.18228e-09,-1.30306e-21
1.06954e-06,0,0,0,1e+09,1e+09,1e+09,0,0,0,0,0,0,2,5.5138e-06,0,0.131493,-8,0,0,0,0.010485,-4.15892e-21,-6.70711e-19,0,0,-1.19355e-09,-1.31645e-21
1.0777e-06,0,0,0,1e+09,1e+09,1e+09,0,0,0,0,0,0,2,5.5138e-06,0,0.131493,-8,0,0,0,0.0107241,-4.26871e-21,-6.78256e-19,0,0,-1.20496e-09,-1.32982e-21
1.08587e-06,0,0,0,1e+09,1e+09,1e+09,0,0,0,0,0,0,2,5.5138e-06,0,0.131493,-8,0,0,0,0.010884,-4.38355e-21,-6.86252e-19,0,0,-1.21651e-09,-1.34314e-21
1.09403e-06,0,0,0,1e+09,1e+09,1e+09,0,0,0,0,0,0,2,5.5138e-06,0,0.131493,-8,0,0,0,0.0110537,-4.49826e-21,-6.93903e-19,0,0,-1.22803e-09,-1.3565e-21
1.1022e-06,0,0,0,1e+09,1e+09,1e+09,0,0,0,0,0,0,2,5.5138e-06,0,0.131493,-8,0,0,0,0.0110432,-4.60706e-21,-7.01201e-19,0,0,-1.23933e-09,-1.36978e-21
1.11036e-06,0,0,0,1e+09,1e+09,1e+09,0,0,0,0,0,0,2,5.5138e-06,0,0.131493,-8,0,0,0,0.01148,-4.71882e-21,-7.08912e-19,0,0,-1.25095e-09,-1.38312e-21
1.11852e-06,0,0,0,1e+09,1e+09,1e+09,0,0,0,0,0,0,2,5.5138e-06,0,0.131493,-8,0,0,0,0.0115778,-4.82797e-21,-7.16938e-19,0,0,-1.2626e-09,-1.39646e-21
1.12669e-06,0,0,0,1e+09,1e+09,1e+09,0,0,0,0,0,0,2,5.5138e-06,0,0.131493,-8,0,0,0,0.0115811,-4.93012e-21,-7.24322e-19,0,0,-1.27418e-09,-1.40976e-21
1.13485e-06,0,0,0,1e+09,1e+09,1e+09,0,0,0,0,0,0,2,5.5138e-06,0,0.131492,-8,0,0,0,0.0118513,-5.02951e-21,-7.3171e-19,0,0,-1.28578e-09,-1.42311e-21
1.14302e-06,0,0,0,1e+09,1e+09,1e+09,0,0,0,0,0,0,2,5.5138e-06,0,0.131492,-8,0,0,0,0.0119591,-5.14056e-21,-7.39708e-19,0,0,-1.29759e-09,-1.43645e-21
1.15118e-06,0,0,0,1e+09,1e+09,1e+09,0,0,0,0,0,0,2,5.5138e-06,0,0.131492,-8,0,0,0,0.0121961,-5.25252e-21,-7.47375e-19,0,0,-1.30941e-09,-1.44989e-21
1.15935e-06,0,0,0,1e+09,1e+09,1e+09,0,0,0,0,0,0,2,5.5138e-06,0,0.131492,-8,0,0,0,0.0126174,-5.36796e-21,-7.55017e-19,0,0,-1.32128e-09,-1.46332e-21
1.16751e-06,0,0,0,1e+09,1e+09,1e+09,0,0,0,0,0,0,2,5.5138e-06,0,0.131492,-8,0,0,0,0.0124692,-5.48556e-21,-7.62651e-19,0,0,-1.33325e-09,-1.47668e-21
1.17568e-06,0,0,0,1e+09,1e+09,1e+09,0,0,0,0,0,0,2,5.5138e-06,0,0.131492,-8,0,0,0,0.0127918,-5.603e-21,-7.70319e-19,0,0,-1.34524e-09,-1.49008e-21
1.18384e-06,0,0,0,1e+09,1e+09,1e+09,0,0,0,0,0,0,2,5.5138e-06,0,0.131492,-8,0,0,0,0.0128999,-5.71817e-21,-7.78139e-19,0,0,-1.35736e-09,-1.5035e-21
1.192e-06,0,0,0,1e+09,1e+09,1e+09,0,0,0,0,0,0,2,5.5138e-06,0,0.131492,-8,0,0,0,0.0131653,-5.84044e-21,-7.85732e-19,0,0,-1.36942e-09,-1.51697e-21
1.20017e-06,0,0,0,1e+09,1e+09,1e+09,0,0,0,0,0,0,2,5.5138e-06,0,0.131492,-8,0,0,0,0.01315,-5.97433e-21,-7.93556e-19,0,0,-1.38179e-09,-1.53043e-21
1.20833e-06,0,0,0,1e+09,1e+09,1e+09,0,0,0,0,0,0,2,5.5138e-06,0,0.131492,-8,0,0,0,0.0134387,-6.11166e-21,-8.0145e-19,0,0,-1.39395e-09,-1.5439e-21
1.2165e-06,0,0,0,1e+09,1e+09,1e+09,0,0,0,0,0,0,2,5.5138e-06,0,0.131492,-8,0,0,0,0.0136533,-6.24545e-21,-8.09123e-19,0,0,-1.40639e-09,-1.55744e-21
1.22466e-06,0,0,0,1e+09,1e+09,1e+09,0,0,0,0,0,0,2,5.5138e-06,0,0.131492,-8,0,0,0,0.0137948,-6.37267e-21,-8.17173e-19,0,0,-1.41868e-09,-1.57087e-21
1.23283e-06,0,0,0,1e+09,1e+09,1e+09,0,0,0,0,0,0,2,5.5138e-06,0,0.131492,-8,0,0,0,0.0138979,-6.4968e-21,-8.24734e-19,0,0,-1.43129e-09,-1.58431e-21
1.24099e-06,0,0,0,1e+09,1e+09,1e+09,0,0,0,0,0,0,2,5.5138e-06,0,0.131492,-8,0,0,0,0.0141448,-6.62441e-21,-8.32924e-19,0,0,-1.44405e-09,-1.59781e-21
1.24916e-06,0,0,0,1e+09,1e+09,1e+09,0,0,0,0,0,0,2,5.5138e-06,0,0.131492,-8,0,0,0,0.0143557,-6.77003e-21,-8.40679e-19,0,0,-1.45655e-09,-1.61126e-21
1.25732e-06,0,0,0,1e+09,1e+09,1e+09,0,0,0,0,0,0,2,5.5138e-06,0,0.131491,-8,0,0,0,0.0145413,-6.92084e-21,-8.4832e-19,0,0,-1.46922e-09,-1.62475e-21
1.26548e-06,0,0,0,1e+09,1e+09,1e+09,0,0,0,0,0,0,2,5.5138e-06,0,0.131491,-8,0,0,0,0.0148469,-7.06771e-21,-8.5676e-19,0,0,-1.48217e-09,-1.63829e-21
1.27365e-06,0,0,0,1e+09,1e+09,1e+09,0,0,0,0,0,0,2,5.5138e-06,0,0.131491,-8,0,0,0,0.0148978,-7.20725e-21,-8.64312e-19,0,0,-1.49512e-09,-1.65185e-21
1.28181e-06,0,0,0,1e+09,1e+09,1e+09,0,0,0,0,0,0,2,5.5138e-06,0,0.131491,-8,0,0,0,0.0153005,-7.34328e-21,-8.72045e-19,0,0,-1.50785e-09,-1.66543e-21
1.28998e-06,0,0,0,1e+09,1e+09,1e+09,0,0,0,0,0,0,2,5.5138e-06,0,0.131491,-8,0,0,0,0.0153666,-7.48366e-21,-8.81005e-19,0,0,-1.52119e-09,-1.67901e-21
1.29814e-06,0,0,0,1e+09,1e+09,1e+09,0,0,0,0,0,0,2,5.5138e-06,0,0.131491,-8,0,0,0,0.0155773,-7.62783e-21,-8.88353e-19,0,0,-1.53426e-09,-1.6926e-21
1.30631e-06,0,0,0,1e+09,1e+09,1e+09,0,0,0,0,0,0,2,5.5138e-06,0,0.131491,-8,0,0,0,0.0158728,-7.78592e-21,-8.96232e-19,0,0,-1.54762e-09,-1.70619e-21
1.31447e-06,0,0,0,1e+09,1e+09,1e+09,0,0,0,0,0,0,2,5.5138e-06,0,0.131491,-8,0,0,0,0.0159664,-7.95467e-21,-9.04692e-19,0,0,-1.56101e-09,-1.71973e-21
1.32263e-06,0,0,0,1e+09,1e+09,1e+09,0,0,0,0,0,0,2,5.5138e-06,0,0.131491,-8,0,0,0,0.0163332,-8.11866e-21,-9.125e-19,0,0,-1.57446e-09,-1.73327e-21
1.3308e-06,0,0,0,1e+09,1e+09,1e+09,0,0,0,0,0,0,2,5.5138e-06,0,0.131491,-8,0,0,0,0.0165103,-8.28711e-21,-9.21014e-19,0,0,-1.58809e-09,-1.74686e-21
1.33896e-06,0,0,0,1e+09,1e+09,1e+09,0,0,0,0,0,0,2,5.5138e-06,0,0.131491,-8,0,0,0,0.0168564,-8.44925e-21,-9.29434e-19,0,0,-1.60195e-09,-1.76044e-21
1.34713e-06,0,0,0,1e+09,1e+09,1e+09,0,0,0,0,0,0,2,5.5138e-06,0,0.131491,-8,0,0,0,0.016959,-8.60708e-21,-9.37089e-19,0,0,-1.61538e-09,-1.77403e-21
1.35529e-06,0,0,0,1e+09,1e+09,1e+09,0,0,0,0,0,0,2,5.5138e-06,0,0.131491,-8,0,0,0,0.0172888,-8.77318e-21,-9.45715e-19,0,0,-1.62948e-09,-1.78766e-21
1.36346e-06,0,0,0,1e+09,1e+09,1e+09,0,0,0,0,0,0,2,5.5138e-06,0,0.131491,-8,0,0,0,0.0173237,-8.93709e-21,-9.54052e-19,0,0,-1.64336e-09,-1.80128e-21
1.37162e-06,0,0,0,1e+09,1e+09,1e+09,0,0,0,0,0,0,2,5.5138e-06,0,0.131491,-8,0,0,0,0.0176714,-9.11082e-21,-9.62388e-19,0,0,-1.65758e-09,-1.81491e-21
1.37979e-06,0,0,0,1e+09,1e+09,1e+09,0,0,0,0,0,0,2,5.5138e-06,0,0.131491,-8,0,0,0,0.0178231,-9.29128e-21,-9.70407e-19,0,0,-1.67148e-09,-1.82847e-21
1.38795e-06,0,0,0,1e+09,1e+09,1e+09,0,0,0,0,0,0,2,5.5138e-06,0,0.13149,-8,0,0,0,0.0180957,-9.47561e-21,-9.79057e-19,0,0,-1.68592e-09,-1.84209e-21
1.39611e-06,0,0,0,1e+09,1e+09,1e+09,0,0,0,0,0,0,2,5.5138e-06,0,0.13149,-8,0,0,0,0.0184578,-9.66281e-21,-9.87403e-19,0,0,-1.7003e-09,-1.85572e-21
1.40428e-06,0,0,0,1e+09,1e+09,1e+09,0,0,0,0,0,0,2,5.5138e-06,0,0.13149,-8,0,0,0,0.018712,-9.8463e-21,-9.95681e-19,0,0,-1.71469e-09,-1.86931e-21
1.41244e-06,0,0,0,1e+09,1e+09,1e+09,0,0,0,0,0,0,2,5.5138e-06,0,0.13149,-8,0,0,0,0.0189586,-1.00271e-20,-1.00457e-18,0,0,-1.72934e-09,-1.8829e-21
1.42061e-06,0,0,0,1e+09,1e+09,1e+09,0,0,0,0,0,0,2,5.5138e-06,0,0.13149,-8,0,0,0,0.0190251,-1.02098e-20,-1.01272e-18,0,0,-1.74424e-09,-1.89643e-21
1.42877e-06,0,0,0,1e+09,1e+09,1e+09,0,0,0,0,0,0,2,5.5138e-06,0,0.13149,-8,0,0,0,0.0194019,-1.0395e-20,-1.02112e-18,0,0,-1.75915e-09,-1.91002e-21
1.43694e-06,0,0,0,1e+09,1e+09,1e+09,0,0,0,0,0,0,2,5.5138e-06,0,0.13149,-8,0,0,0,0.0197761,-1.05874e-20,-1.0298e-18,0,0,-1.77414e-09,-1.92364e-21
1.4451e-06,0,0,0,1e+09,1e+09,1e+09,0,0,0,0,0,0,2,5.5138e-06,0,0.13149,-8,0,0,0,0.0197751,-1.0789e-20,-1.03911e-18,0,0,-1.78945e-09,-1.93732e-21
1.45327e-06,0,0,0,1e+09,1e+09,1e+09,0,0,0,0,0,0,2,5.5138e-06,0,0.13149,-8,0,0,0,0.0201651,-1.10027e-20,-1.0475e-18,0,0,-1.8047e-09,-1.95099e-21
1.46143e-06,0,0,0,1e+09,1e+09,1e+09,0,0,0,0,0,0,2,5.5138e-06,0,0.13149,-8,0,0,0,0.0203879,-1.12225e-20,-1.05605e-18,0,0,-1.82024e-09,-1.96464e-21
1.46959e-06,0,0,0,1e+09,1e+09,1e+09,0,0,0,0,0,0,2,5.5138e-06,0,0.13149,-8,0,0,0,0.0207633,-1.14348e-20,-1.06528e-18,0,0,-1.83578e-09,-1.97838e-21
1.47776e-06,0,0,0,1e+09,1e+09,1e+09,0,0,0,0,0,0,2,5.5138e-06,0,0.13149,-8,0,0,0,0.0210389,-1.16373e-20,-1.07479e-18,0,0,-1.85149e-09,-1.99213e-21
1.48592e-06,0,0,0,1e+09,1e+09,1e+09,0,0,0,0,0,0,2,5.5138e-06,0,0.13149,-8,0,0,0,0.0212745,-1.18372e-20,-1.08351e-18,0,0,-1.86755e-09,-2.00591e-21
1.49409e-06,0,0,0,1e+09,1e+09,1e+09,0,0,0,0,0,0,2,5.5138e-06,0,0.13149,-8,0,0,0,0.0215949,-1.20373e-20,-1.09185e-18,0,0,-1.8834e-09,-2.01965e-21
1.50225e-06,0,0,0,1e+09,1e+09,1e+09,0,0,0,0,0,0,2,5.5138e-06,0,0.13149,-8,0,0,0,0.0219266,-1.22524e-20,-1.10139e-18,0,0,-1.89933e-09,-2.03339e-21
1.51042e-06,0,0,0,1e+09,1e+09,1e+09,0,0,0,0,0,0,2,5.5138e-06,0,0.131489,-8,0,0,0,0.0221811,-1.24885e-20,-1.11162e-18,0,0,-1.91563e-09,-2.04716e-21
1.51858e-06,0,0,0,1e+09,1e+09,1e+09,0,0,0,0,0,0,2,5.5138e-06,0,0.131489,-8,0,0,0,0.0224187,-1.27335e-20,-1.1202e-18,0,0,-1.93193e-09,-2.06091e-21
1.52675e-06,0,0,0,1e+09,1e+09,1e+09,0,0,0,0,0,0,2,5.5138e-06,0,0.131489,-8,0,0,0,0.0226954,-1.29692e-20,-1.12863e-18,0,0,-1.94835e-09,-2.07465e-21
1.53491e-06,0,0,0,1e+09,1e+09,1e+09,0,0,0,0,0,0,2,5.5138e-06,0,0.131489,-8,0,0,0,0.0230317,-1.32062e-20,-1.13845e-18,0,0,-1.96481e-09,-2.08845e-21
1.54307e-06,0,0,0,1e+09,1e+09,1e+09,0,0,0,0,0,0,2,5.5138e-06,0,0.131489,-8,0,0,0,0.0231633,-1.34497e-20,-1.14848e-18,0,0,-1.98134e-09,-2.10234e-21
1.55124e-06,0,0,0,1e+09,1e+09,1e+09,0,0,0,0,0,0,2,5.5138e-06,0,0.131489,-8,0,0,0,0.0237848,-1.36838e-20,-1.15774e-18,0,0,-1.9982e-09,-2.11612e-21
1.5594e-06,0,0,0,1e+09,1e+09,1e+09,0,0,0,0,0,0,2,5.5138e-06,0,0.131489,-8,0,0,0,0.0240576,-1.392e-20,-1.16651e-18,0,0,-2.01479e-09,-2.12992e-21
1.56757e-06,0,0,0,1e+09,1e+09,1e+09,0,0,0,0,0,0,2,5.5138e-06,0,0.131489,-8,0,0,0,0.024289,-1.41756e-20,-1.17595e-18,0,0,-2.03161e-09,-2.14375e-21
1.57573e-06,0,0,0,1e+09,1e+09,1e+09,0,0,0,0,0,0,2,5.5138e-06,0,0.131489,-8,0,0,0,0.0245857,-1.44494e-20,-1.18652e-18,0,0,-2.04858e-09,-2.15756e-21
1.5839e-06,0,0,0,1e+09,1e+09,1e+09,0,0,0,0,0,0,2,5.5138e-06,0,0.131489,-8,0,0,0,0.0251054,-1.47155e-20,-1.1956e-18,0,0,-2.06572e-09,-2.17135e-21
1.59206e-06,0,0,0,1e+09,1e+09,1e+09,0,0,0,0,0,0,2,5.5138e-06,0,0.131489,-8,0,0,0,0.025451,-1.49789e-20,-1.20528e-18,0,0,-2.08285e-09,-2.18512e-21
1.60023e-06,0,0,0,1e+09,1e+09,1e+09,0,0,0,0,0,0,2,5.5138e-06,0,0.131489,-8,0,0,0,0.0255783,-1.52278e-20,-1.21545e-18,0,0,-2.10001e-09,-2.19888e-21
1.60839e-06,0,0,0,1e+09,1e+09,1e+09,0,0,0,0,0,0,2,5.5138e-06,0,0.131489,-8,0,0,0,0.0258975,-1.54619e-20,-1.22457e-18,0,0,-2.11734e-09,-2.21267e-21
1.61655e-06,0,0,0,1e+09,1e+09,1e+09,0,0,0,0,0,0,2,5.5138e-06,0,0.131489,-8,0,0,0,0.0260302,-1.57021e-20,-1.23409e-18,0,0,-2.13457e-09,-2.22643e-21
1.62472e-06,0,0,0,1e+09,1e+09,1e+09,0,0,0,0,0,0,2,5.5138e-06,0,0.131489,-8,0,0,0,0.0265452,-1.59596e-20,-1.24434e-18,0,0,-2.15207e-09,-2.2403e-21
1.63288e-06,0,0,0,1e+09,1e+09,1e+09,0,0,0,0,0,0,2,5.5138e-06,0,0.131488,-8,0,0,0,0.0266404,-1.62385e-20,-1.25365e-18,0,0,-2.16943e-09,-2.25412e-21
1.64105e-06,0,0,0,1e+09,1e+09,1e+09,0,0,0,0,0,0,2,5.5138e-06,0,0.131488,-8,0,0,0,0.0270253,-1.65351e-20,-1.26375e-18,0,0,-2.18699e-09,-2.26789e-21
1.64921e-06,0,0,0,1e+09,1e+09,1e+09,0,0,0,0,0,0,2,5.5138e-06,0,0.131488,-8,0,0,0,0.0273728,-1.68275e-20,-1.27361e-18,0,0,-2.20488e-09,-2.28167e-21
1.65738e-06,0,0,0,1e+09,1e+09,1e+09,0,0,0,0,0,0,2,5.5138e-06,0,0.131488,-8,0,0,0,0.0277513,-1.70906e-20,-1.28289e-18,0,0,-2.22264e-09,-2.29551e-21
1.66554e-06,0,0,0,1e+09,1e+09,1e+09,0,0,0,0,0,0,2,5.5138e-06,0,0.131488,-8,0,0,0,0.0281137,-1.73405e-20,-1.29265e-18,0,0,-2.24021e-09,-2.30933e-21
1.6737e-06,0,0,0,1e+09,1e+09,1e+09,0,0,0,0,0,0,2,5.5138e-06,0,0.131488,-8,0,0,0,0.0284688,-1.75976e-20,-1.30301e-18,0,0,-2.25797e-09,-2.3232e-21
1.68187e-06,0,0,0,1e+09,1e+09,1e+09,0,0,0,0,0,0,2,5.5138e-06,0,0.131488,-8,0,0,0,0.0287215,-1.78646e-20,-1.31301e-18,0,0,-2.27562e-09,-2.33702e-21
1.69003e-06,0,0,0,1e+09,1e+09,1e+09,0,0,0,0,0,0,2,5.5138e-06,0,0.131488,-8,0,0,0,0.0289851,-1.81446e-20,-1.32281e-18,0,0,-2.29349e-09,-2.35081e-21
1.6982e-06,0,0,0,1e+09,1e+09,1e+09,0,0,0,0,0,0,2,5.5138e-06,0,0.131488,-8,0,0,0,0.0294682,-1.84281e-20,-1.33177e-18,0,0,-2.31144e-09,-2.36452e-21
1.70636e-06,0,0,0,1e+09,1e+09,1e+09,0,0,0,0,0,0,2,5.5138e-06,0,0.131488,-8,0,0,0,0.0296871,-1.87085e-20,-1.34154e-18,0,0,-2.32904e-09,-2.37827e-21
1.71453e-06,0,0,0,1e+09,1e+09,1e+09,0,0,0,0,0,0,2,5.5138e-06,0,0.131488,-8,0,0,0,0.0298462,-1.89799e-20,-1.35276e-18,0,0,-2.3469e-09,-2.39202e-21
1.72269e-06,0,0,0,1e+09,1e+09,1e+09,0,0,0,0,0,0,2,5.5138e-06,0,0.131488,-8,0,0,0,0.030376,-1.92526e-20,-1.36169e-18,0,0,-2.36489e-09,-2.40574e-21
1.73086e-06,0,0,0,1e+09,1e+09,1e+09,0,0,0,0,0,0,2,5.5138e-06,0,0.131488,-8,0,0,0,0.0305745,-1.95308e-20,-1.37075e-18,0,0,-2.38262e-09,-2.41957e-21
1.73902e-06,0,0,0,1e+09,1e+09,1e+09,0,0,0,0,0,0,2,5.5138e-06,0,0.131488,-8,0,0,0,0.031006,-1.9819e-20,-1.38108e-18,0,0,-2.40023e-09,-2.43333e-21
1.74718e-06,0,0,0,1e+09,1e+09,1e+09,0,0,0,0,0,0,2,5.5138e-06,0,0.131488,-8,0,0,0,0.0311284,-2.0108e-20,-1.39107e-18,0,0,-2.41801e-09,-2.44717e-21
1.75535e-06,0,0,0,1e+09,1e+09,1e+09,0,0,0,0,0,0,2,5.5138e-06,0,0.131487,-8,0,0,0,0.0316161,-2.03912e-20,-1.40104e-18,0,0,-2.43574e-09,-2.46101e-21
1.76351e-06,0,0,0,1e+09,1e+09,1e+09,0,0,0,0,0,0,2,5.5138e-06,0,0.131487,-8,0,0,0,0.0320719,-2.06666e-20,-1.41039e-18,0,0,-2.45344e-09,-2.47493e-21
1.77168e-06,0,0,0,1e+09,1e+09,1e+09,0,0,0,0,0,0,2,5.5138e-06,0,0.131487,-8,0,0,0,0.0322086,-2.09442e-20,-1.41986e-18,0,0,-2.47123e-09,-2.48886e-21
1.77984e-06,0,0,0,1e+09,1e+09,1e+09,0,0,0,0,0,0,2,5.5138e-06,0,0.131487,-8,0,0,0,0.0326467,-2.1227e-20,-1.42927e-18,0,0,-2.48861e-09,-2.50274e-21
1.78801e-06,0,0,0,1e+09,1e+09,1e+09,0,0,0,0,0,0,2,5.5138e-06,0,0.131487,-8,0,0,0,0.0327711,-2.15132e-20,-1.43884e-18,0,0,-2.50633e-09,-2.51666e-21
1.79617e-06,0,0,0,1e+09,1e+09,1e+09,0,0,0,0,0,0,2,5.5138e-06,0,0.131487,-8,0,0,0,0.0332799,-2.18022e-20,-1.44883e-18,0,0,-2.52411e-09,-2.53057e-21
1.80434e-06,0,0,0,1e+09,1e+09,1e+09,0,0,0,0,0,0,2,5.5138e-06,0,0.131487,-8,0,0,0,0.0335123,-2.20938e-20,-1.45831e-18,0,0,-2.54192e-09,-2.54452e-21
1.8125e-06,0,0,0,1e+09,1e+09,1e+09,0,0,0,0,0,0,2,5.5138e-06,0,0.131487,-8,0,0,0,0.0337599,-2.23845e-20,-1.46783e-18,0,0,-2.55952e-09,-2.55845e-21
1.82066e-06,0,0,0,1e+09,1e+09,1e+09,0,0,0,0,0,0,2,5.5138e-06,0,0.131487,-8,0,0,0,0.0342348,-2.26642e-20,-1.47721e-18,0,0,-2.57717e-09,-2.57233e-21
1.82883e-06,0,0,0,1e+09,1e+09,1e+09,0,0,0,0,0,0,2,5.5138e-06,0,0.131487,-8,0,0,0,0.0343801,-2.2935e-20,-1.48673e-18,0,0,-2.59499e-09,-2.58619e-21
1.83699e-06,0,0,0,1e+09,1e+09,1e+09,0,0,0,0,0,0,2,5.5138e-06,0,0.131487,-8,0,0,0,0.0346732,-2.3207e-20,-1.49621e-18,0,0,-2.61287e-09,-2.60009e-21
1.84516e-06,0,0,0,1e+09,1e+09,1e+09,0,0,0,0,0,0,2,5.5138e-06,0,0.131487,-8,0,0,0,0.0348583,-2.34752e-20,-1.50541e-18,0,0,-2.63061e-09,-2.61396e-21
1.85332e-06,0,0,0,1e+09,1e+09,1e+09,0,0,0,0,0,0,2,5.5138e-06,0,0.131487,-8,0,0,0,0.0354563,-2.37536e-20,-1.51486e-18,0,0,-2.64827e-09,-2.62786e-21
1.86149e-06,0,0,0,1e+09,1e+09,1e+09,0,0,0,0,0,0,2,5.5138e-06,0,0.131487,-8,0,0,0,0.0356052,-2.40366e-20,-1.5245e-18,0,0,-2.6657e-09,-2.64175e-21
1.86965e-06,0,0,0,1e+09,1e+09,1e+09,0,0,0,0,0,0,2,5.5138e-06,0,0.131487,-8,0,0,0,0.0358574,-2.43196e-20,-1.53353e-18,0,0,-2.6834e-09,-2.65564e-21
1.87782e-06,0,0,0,1e+09,1e+09,1e+09,0,0,0,0,0,0,2,5.5138e-06,0,0.131487,-8,0,0,0,0.0363433,-2.46119e-20,-1.54338e-18,0,0,-2.70121e-09,-2.66949e-21
1.88598e-06,0,0,0,1e+09,1e+09,1e+09,0,0,0,0,0,0,2,5.5138e-06,0,0.131486,-8,0,0,0,0.0368449,-2.48906e-20,-1.55215e-18,0,0,-2.719e-09,-2.68336e-21
1.89414e-06,0,0,0,1e+09,1e+09,1e+09,0,0,0,0,0,0,2,5.5138e-06,0,0.131486,-8,0,0,0,0.0368979,-2.51549e-20,-1.56124e-18,0,0,-2.73659e-09,-2.69722e-21
1.90231e-06,0,0,0,1e+09,1e+09,1e+09,0,0,0,0,0,0,2,5.5138e-06,0,0.131486,-8,0,0,0,0.03739,-2.5423e-20,-1.57091e-18,0,0,-2.75431e-09,-2.7111e-21
1.91047e-06,0,0,0,1e+09,1e+09,1e+09,0,0,0,0,0,0,2,5.5138e-06,0,0.131486,-8,0,0,0,0.0373666,-2.56769e-20,-1.58009e-18,0,0,-2.77212e-09,-2.725e-21
1.91864e-06,0,0,0,1e+09,1e+09,1e+09,0,0,0,0,0,0,2,5.5138e-06,0,0.131486,-8,0,0,0,0.0378629,-2.59258e-20,-1.5886e-18,0,0,-2.78992e-09,-2.73886e-21
1.9268e-06,0,0,0,1e+09,1e+09,1e+09,0,0,0,0,0,0,2,5.5138e-06,0,0.131486,-8,0,0,0,0.0379355,-2.61738e-20,-1.59856e-18,0,0,-2.80777e-09,-2.75277e-21
1.93497e-06,0,0,0,1e+09,1e+09,1e+09,0,0,0,0,0,0,2,5.5138e-06,0,0.131486,-8,0,0,0,0.0382357,-2.64277e-20,-1.60827e-18,0,0,-2.82553e-09,-2.76666e-21
1.94313e-06,0,0,0,1e+09,1e+09,1e+09,0,0,0,0,0,0,2,5.5138e-06,0,0.131486,-8,0,0,0,0.0385964,-2.66875e-20,-1.6168e-18,0,0,-2.84319e-09,-2.78051e-21
1.95129e-06,0,0,0,1e+09,1e+09,1e+09,0,0,0,0,0,0,2,5.5138e-06,0,0.131486,-8,0,0,0,0.0388745,-2.69608e-20,-1.62515e-18,0,0,-2.86087e-09,-2.79442e-21
1.95946e-06,0,0,0,1e+09,1e+09,1e+09,0,0,0,0,0,0,2,5.5138e-06,0,0.131486,-8,0,0,0,0.0390117,-2.72394e-20,-1.63505e-18,0,0,-2.87848e-09,-2.8083e-21
1.96762e-06,0,0,0,1e+09,1e+09,1e+09,0,0,0,0,0,0,2,5.5138e-06,0,0.131486,-8,0,0,0,0.0394802,-2.75157e-20,-1.64439e-18,0,0,-2.89633e-09,-2.82213e-21
1.97579e-06,0,0,0,1e+09,1e+09,1e+09,0,0,0,0,0,0,2,5.5138e-06,0,0.131486,-8,0,0,0,0.0397625,-2.77898e-20,-1.65292e-18,0,0,-2.91408e-09,-2.83604e-21
1.98395e-06,0,0,0,1e+09,1e+09,1e+09,0,0,0,0,0,0,2,5.5138e-06,0,0.131486,-8,0,0,0,0.0400318,-2.80573e-20,-1.662e-18,0,0,-2.93202e-09,-2.84986e-21
1.99212e-06,0,0,0,1e+09,1e+09,1e+09,0,0,0,0,0,0,2,5.5138e-06,0,0.131486,-8,0,0,0,0.0405207,-2.83129e-20,-1.67152e-18,0,0,-2.95016e-09,-2.86366e-21
2.00028e-06,0,0,0,1e+09,1e+09,1e+09,0,0,0,0,0,0,2,5.5138e-06,0,0.131486,-8,0,0,0,0.0406265,-2.85492e-20,-1.68025e-18,0,0,-2.96816e-09,-2.8775e-21
2.00845e-06,0,0,0,1e+09,1e+09,1e+09,0,0,0,0,0,0,2,5.5138e-06,0,0.131485,-8,0,0,0,0.0408665,-2.87808e-20,-1.68903e-18,0,0,-2.98612e-09,-2.89145e-21
2.01661e-06,0,0,0,1e+09,1e+09,1e+09,0,0,0,0,0,0,2,5.5138e-06,0,0.131485,-8,0,0,0,0.0410818,-2.9017e-20,-1.69898e-18,0,0,-3.00434e-09,-2.90534e-21
2.02477e-06,0,0,0,1e+09,1e+09,1e+09,0,0,0,0,0,0,2,5.5138e-06,0,0.131485,-8,0,0,0,0.0412852,-2.92649e-20,-1.70814e-18,0,0,-3.02269e-09,-2.91928e-21
2.03294e-06,0,0,0,1e+09,1e+09,1e+09,0,0,0,0,0,0,2,5.5138e-06,0,0.131485,-8,0,0,0,0.0415963,-2.95254e-20,-1.71649e-18,0,0,-3.04113e-09,-2.93317e-21
2.0411e-06,0,0,0,1e+09,1e+09,1e+09,0,0,0,0,0,0,2,5.5138e-06,0,0.131485,-8,0,0,0,0.0419664,-2.98006e-20,-1.72586e-18,0,0,-3.05958e-09,-2.94715e-21
2.04927e-06,0,0,0,1e+09,1e+09,1e+09,0,0,0,0,0,0,2,5.5138e-06,0,0.131485,-8,0,0,0,0.042184,-3.00664e-20,-1.73548e-18,0,0,-3.07809e-09,-2.96113e-21
2.05743e-06,0,0,0,1e+09,1e+09,1e+09,0,0,0,0,0,0,2,5.5138e-06,0,0.131485,-8,0,0,0,0.042472,-3.02999e-20,-1.74508e-18,0,0,-3.09685e-09,-2.97512e-21
2.0656e-06,0,0,0,1e+09,1e+09,1e+09,0,0,0,0,0,0,2,5.5138e-06,0,0.131485,-8,0,0,0,0.0429654,-3.05181e-20,-1.75375e-18,0,0,-3.1156e-09,-2.98911e-21
2.07376e-06,0,0,0,1e+09,1e+09,1e+09,0,0,0,0,0,0,2,5.5138e-06,0,0.131485,-8,0,0,0,0.0429372,-3.07359e-20,-1.7626e-18,0,0,-3.13421e-09,-3.0031e-21
2.08193e-06,0,0,0,1e+09,1e+09,1e+09,0,0,0,0,0,0,2,5.5138e-06,0,0.131485,-8,0,0,0,0.0432114,-3.09488e-20,-1.77222e-18,0,0,-3.15304e-09,-3.01701e-21
2.09009e-06,0,0,0,1e+09,1e+09,1e+09,0,0,0,0,0,0,2,5.5138e-06,0,0.131485,-8,0,0,0,0.0433563,-3.11725e-20,-1.78205e-18,0,0,-3.17213e-09,-3.03095e-21
2.09825e-06,0,0,0,1e+09,1e+09,1e+09,0,0,0,0,0,0,2,5.5138e-06,0,0.131485,-8,0,0,0,0.0438968,-3.14153e-20,-1.79143e-18,0,0,-3.19122e-09,-3.04488e-21
2.10642e-06,0,0,0,1e+09,1e+09,1e+09,0,0,0,0,0,0,2,5.5138e-06,0,0.131485,-8,0,0,0,0.0439531,-3.16714e-20,-1.80034e-18,0,0,-3.21024e-09,-3.05885e-21
2.11458e-06,0,0,0,1e+09,1e+09,1e+09,0,0,0,0,0,0,2,5.5138e-06,0,0.131485,-8,0,0,0,0.0443266,-3.19352e-20,-1.81067e-18,0,0,-3.22936e-09,-3.07285e-21
2.12275e-06,0,0,0,1e+09,1e+09,1e+09,0,0,0,0,0,0,2,5.5138e-06,0,0.131485,-8,0,0,0,0.044663,-3.21943e-20,-1.82007e-18,0,0,-3.24886e-09,-3.08681e-21
2.13091e-06,0,0,0,1e+09,1e+09,1e+09,0,0,0,0,0,0,2,5.5138e-06,0,0.131484,-8,0,0,0,0.0449029,-3.24498e-20,-1.82875e-18,0,0,-3.2682e-09,-3.10079e-21
2.13908e-06,0,0,0,1e+09,1e+09,1e+09,0,0,0,0,0,0,2,5.5138e-06,0,0.131484,-8,0,0,0,0.0452275,-3.27056e-20,-1.83889e-18,0,0,-3.28739e-09,-3.11474e-21
2.14724e-06,0,0,0,1e+09,1e+09,1e+09,0,0,0,0,0,0,2,5.5138e-06,0,0.131484,-8,0,0,0,0.0453885,-3.29739e-20,-1.84954e-18,0,0,-3.30688e-09,-3.12867e-21
2.15541e-06,0,0,0,1e+09,1e+09,1e+09,0,0,0,0,0,0,2,5.5138e-06,0,0.131484,-8,0,0,0,0.0456004,-3.32558e-20,-1.85864e-18,0,0,-3.32644e-09,-3.1426e-21
2.16357e-06,0,0,0,1e+09,1e+09,1e+09,0,0,0,0,0,0,2,5.5138e-06,0,0.131484,-8,0,0,0,0.0459144,-3.35365e-20,-1.86743e-18,0,0,-3.34613e-09,-3.15655e-21
2.17173e-06,0,0,0,1e+09,1e+09,1e+09,0,0,0,0,0,0,2,5.5138e-06,0,0.131484,-8,0,0,0,0.046103,-3.38217e-20,-1.8777e-18,0,0,-3.366e-09,-3.17053e-21
2.1799e-06,0,0,0,1e+09,1e+09,1e+09,0,0,0,0,0,0,2,5.5138e-06,0,0.131484,-8,0,0,0,0.046323,-3.40994e-20,-1.88776e-18,0,0,-3.38607e-09,-3.18444e-21
2.18806e-06,0,0,0,1e+09,1e+09,1e+09,0,0,0,0,0,0,2,5.5138e-06,0,0.131484,-8,0,0,0,0.0466136,-3.43711e-20,-1.89761e-18,0,0,-3.40626e-09,-3.1984e-21
2.19623e-06,0,0,0,1e+09,1e+09,1e+09,0,0,0,0,0,0,2,5.5138e-06,0,0.131484,-8,0,0,0,0.0467249,-3.46323e-20,-1.90784e-18,0,0,-3.42648e-09,-3.2124e-21
2.20439e-06,0,0,0,1e+09,1e+09,1e+09,0,0,0,0,0,0,2,5.5138e-06,0,0.131484,-8,0,0,0,0.0473138,-3.48892e-20,-1.91799e-18,0,0,-3.44659e-09,-3.22644e-21
2.21256e-06,0,0,0,1e+09,1e+09,1e+09,0,0,0,0,0,0,2,5.5138e-06,0,0.131484,-8,0,0,0,0.0475762,-3.51524e-20,-1.92871e-18,0,0,-3.46705e-09,-3.24047e-21
2.22072e-06,0,0,0,1e+09,1e+09,1e+09,0,0,0,0,0,0,2,5.5138e-06,0,0.131484,-8,0,0,0,0.0476828,-3.54206e-20,-1.93814e-18,0,0,-3.48768e-09,-3.25442e-21
2.22888e-06,0,0,0,1e+09,1e+09,1e+09,0,0,0,0,0,0,2,5.5138e-06,0,0.131484,-8,0,0,0,0.0481156,-3.56881e-20,-1.94819e-18,0,0,-3.50825e-09,-3.26841e-21
2.23705e-06,0,0,0,1e+09,1e+09,1e+09,0,0,0,0,0,0,2,5.5138e-06,0,0.131484,-8,0,0,0,0.0482658,-3.59471e-20,-1.95914e-18,0,0,-3.52893e-09,-3.28235e-21
2.24521e-06,0,0,0,1e+09,1e+09,1e+09,0,0,0,0,0,0,2,5.5138e-06,0,0.131484,-8,0,0,0,0.0484995,-3.61937e-20,-1.97018e-18,0,0,-3.54983e-09,-3.29631e-21
2.25338e-06,0,0,0,1e+09,1e+09,1e+09,0,0,0,0,0,0,2,5.5138e-06,0,0.131484,-8,0,0,0,0.0488568,-3.64311e-20,-1.98116e-18,0,0,-3.57079e-09,-3.31029e-21
2.26154e-06,0,0,0,1e+09,1e+09,1e+09,0,0,0,0,0,0,2,5.5138e-06,0,0.131483,-8,0,0,0,0.0489575,-3.66509e-20,-1.99153e-18,0,0,-3.59186e-09,-3.32431e-21
2.26971e-06,0,0,0,1e+09,1e+09,1e+09,0,0,0,0,0,0,2,5.5138e-06,0,0.131483,-8,0,0,0,0.0491238,-3.6866e-20,-2.00156e-18,0,0,-3.61288e-09,-3.33826e-21
2.27787e-06,0,0,0,1e+09,1e+09,1e+09,0,0,0,0,0,0,2,5.5138e-06,0,0.131483,-8,0,0,0,0.0492508,-3.70978e-20,-2.01206e-18,0,0,-3.63398e-09,-3.35226e-21
2.28604e-06,0,0,0,1e+09,1e+09,1e+09,0,0,0,0,0,0,2,5.5138e-06,0,0.131483,-8,0,0,0,0.0496913,-3.73709e-20,-2.0244e-18,0,0,-3.65528e-09,-3.36621e-21
2.2942e-06,0,0,0,1e+09,1e+09,1e+09,0,0,0,0,0,0,2,5.5138e-06,0,0.131483,-8,0,0,0,0.0498058,-3.76647e-20,-2.03609e-18,0,0,-3.67684e-09,-3.38017e-21
2.30236e-06,0,0,0,1e+09,1e+09,1e+09,0,0,0,0,0,0,2,5.5138e-06,0,0.131483,-8,0,0,0,0.0500215,-3.79583e-20,-2.04633e-18,0,0,-3.6982e-09,-3.39415e-21
2.31053e-06,0,0,0,1e+09,1e+09,1e+09,0,0,0,0,0,0,2,5.5138e-06,0,0.131483,-8,0,0,0,0.0504045,-3.82351e-20,-2.05715e-18,0,0,-3.71971e-09,-3.40814e-21
2.31869e-06,0,0,0,1e+09,1e+09,1e+09,0,0,0,0,0,0,2,5.5138e-06,0,0.131483,-8,0,0,0,0.0507981,-3.85047e-20,-2.06867e-18,0,0,-3.74119e-09,-3.42214e-21
2.32686e-06,0,0,0,1e+09,1e+09,1e+09,0,0,0,0,0,0,2,5.5138e-06,0,0.131483,-8,0,0,0,0.0506598,-3.87686e-20,-2.08028e-18,0,0,-3.76262e-09,-3.43616e-21
2.33502e-06,0,0,0,1e+09,1e+09,1e+09,0,0,0,0,0,0,2,5.5138e-06,0,0.131483,-8,0,0,0,0.0510123,-3.90381e-20,-2.09141e-18,0,0,-3.78435e-09,-3.45021e-21
2.34319e-06,0,0,0,1e+09,1e+09,1e+09,0,0,0,0,0,0,2,5.5138e-06,0,0.131483,-8,0,0,0,0.0512381,-3.93268e-20,-2.10312e-18,0,0,-3.80608e-09,-3.46421e-21
2.35135e-06,0,0,0,1e+09,1e+09,1e+09,0,0,0,0,0,0,2,5.5138e-06,0,0.131483,-8,0,0,0,0.0517118,-3.96379e-20,-2.11517e-18,0,0,-3.8281e-09,-3.47825e-21
2.35952e-06,0,0,0,1e+09,1e+09,1e+09,0,0,0,0,0,0,2,5.5138e-06,0,0.131483,-8,0,0,0,0.0519195,-3.99466e-20,-2.12585e-18,0,0,-3.84988e-09,-3.49226e-21
2.36768e-06,0,0,0,1e+09,1e+09,1e+09,0,0,0,0,0,0,2,5.5138e-06,0,0.131483,-8,0,0,0,0.0522174,-4.02611e-20,-2.13739e-18,0,0,-3.87184e-09,-3.50625e-21
2.37584e-06,0,0,0,1e+09,1e+09,1e+09,0,0,0,0,0,0,2,5.5138e-06,0,0.131483,-8,0,0,0,0.0524957,-4.05693e-20,-2.14899e-18,0,0,-3.89394e-09,-3.5202e-21
2.38401e-06,0,0,0,1e+09,1e+09,1e+09,0,0,0,0,0,0,2,5.5138e-06,0,0.131482,-8,0,0,0,0.0526706,-4.08741e-20,-2.16177e-18,0,0,-3.9159e-09,-3.53419e-21
2.39217e-06,0,0,0,1e+09,1e+09,1e+09,0,0,0,0,0,0,2,5.5138e-06,0,0.131482,-8,0,0,0,0.0530901,-4.11576e-20,-2.17402e-18,0,0,-3.93813e-09,-3.54819e-21
2.40034e-06,0,0,0,1e+09,1e+09,1e+09,0,0,0,0,0,0,2,5.5138e-06,0,0.131482,-8,0,0,0,0.0532762,-4.14229e-20,-2.18519e-18,0,0,-3.96034e-09,-3.5622e-21
2.4085e-06,0,0,0,1e+09,1e+09,1e+09,0,0,0,0,0,0,2,5.5138e-06,0,0.131482,-8,0,0,0,0.0534972,-4.16901e-20,-2.19675e-18,0,0,-3.98249e-09,-3.57621e-21
2.41667e-06,0,0,0,1e+09,1e+09,1e+09,0,0,0,0,0,0,2,5.5138e-06,0,0.131482,-8,0,0,0,0.053837,-4.19706e-20,-2.20901e-18,0,0,-4.0046e-09,-3.59022e-21
2.42483e-06,0,0,0,1e+09,1e+09,1e+09,0,0,0,0,0,0,2,5.5138e-06,0,0.131482,-8,0,0,0,0.0540131,-4.22666e-20,-2.22199e-18,0,0,-4.02686e-09,-3.60427e-21
2.433e-06,0,0,0,1e+09,1e+09,1e+09,0,0,0,0,0,0,2,5.5138e-06,0,0.131482,-8,0,0,0,0.0542628,-4.25707e-20,-2.23419e-18,0,0,-4.04914e-09,-3.61823e-21
2.44116e-06,0,0,0,1e+09,1e+09,1e+09,0,0,0,0,0,0,2,5.5138e-06,0,0.131482,-8,0,0,0,0.0545909,-4.28772e-20,-2.24507e-18,0,0,-4.07138e-09,-3.63217e-21
2.44932e-06,0,0,0,1e+09,1e+09,1e+09,0,0,0,0,0,0,2,5.5138e-06,0,0.131482,-8,0,0,0,0.0549287,-4.31853e-20,-2.25719e-18,0,0,-4.09361e-09,-3.64618e-21
2.45749e-06,0,0,0,1e+09,1e+09,1e+09,0,0,0,0,0,0,2,5.5138e-06,0,0.131482,-8,0,0,0,0.0551509,-4.34849e-20,-2.27049e-18,0,0,-4.116e-09,-3.66017e-21
2.46565e-06,0,0,0,1e+09,1e+09,1e+09,0,0,0,0,0,0,2,5.5138e-06,0,0.131482,-8,0,0,0,0.0552425,-4.37699e-20,-2.28305e-18,0,0,-4.13842e-09,-3.67415e-21
2.47382e-06,0,0,0,1e+09,1e+09,1e+09,0,0,0,0,0,0,2,5.5138e-06,0,0.131482,-8,0,0,0,0.0555974,-4.404e-20,-2.29486e-18,0,0,-4.16067e-09,-3.68818e-21
2.48198e-06,0,0,0,1e+09,1e+09,1e+09,0,0,0,0,0,0,2,5.5138e-06,0,0.131482,-8,0,0,0,0.0558354,-4.43141e-20,-2.30766e-18,0,0,-4.18297e-09,-3.7023e-21
2.49015e-06,0,0,0,1e+09,1e+09,1e+09,0,0,0,0,0,0,2,5.5138e-06,0,0.131482,-8,0,0,0,0.0560754,-4.45828e-20,-2.32005e-18,0,0,-4.20533e-09,-3.71634e-21
2.49831e-06,0,0,0,1e+09,1e+09,1e+09,0,0,0,0,0,0,2,5.5138e-06,0,0.131482,-8,0,0,0,0.0562632,-4.4854e-20,-2.33221e-18,0,0,-4.22753e-09,-3.73041e-21
2.50647e-06,0,0,0,1e+09,1e+09,1e+09,0,0,0,0,0,0,2,5.5138e-06,0,0.131481,-8,0,0,0,0.0564356,-4.51279e-20,-2.34461e-18,0,0,-4.24965e-09,-3.74437e-21
2.51464e-06,0,0,0,1e+09,1e+09,1e+09,0,0,0,0,0,0,2,5.5138e-06,0,0.131481,-8,0,0,0,0.0567572,-4.5399e-20,-2.35765e-18,0,0,-4.27184e-09,-3.75841e-21
2.5228e-06,0,0,0,1e+09,1e+09,1e+09,0,0,0,0,0,0,2,5.5138e-06,0,0.131481,-8,0,0,0,0.0570891,-4.56624e-20,-2.37082e-18,0,0,-4.29413e-09,-3.77242e-21
2.53097e-06,0,0,0,1e+09,1e+09,1e+09,0,0,0,0,0,0,2,5.5138e-06,0,0.131481,-8,0,0,0,0.0572858,-4.59067e-20,-2.38312e-18,0,0,-4.31634e-09,-3.78645e-21
2.53913e-06,0,0,0,1e+09,1e+09,1e+09,0,0,0,0,0,0,2,5.5138e-06,0,0.131481,-8,0,0,0,0.0574696,-4.61547e-20,-2.39521e-18,0,0,-4.33844e-09,-3.80049e-21
2.5473e-06,0,0,0,1e+09,1e+09,1e+09,0,0,0,0,0,0,2,5.5138e-06,0,0.131481,-8,0,0,0,0.0576589,-4.64236e-20,-2.40685e-18,0,0,-4.36028e-09,-3.81449e-21
2.55546e-06,0,0,0,1e+09,1e+09,1e+09,0,0,0,0,0,0,2,5.5138e-06,0,0.131481,-8,0,0,0,0.0580773,-4.67165e-20,-2.41941e-18,0,0,-4.3821e-09,-3.82854e-21
2.56363e-06,0,0,0,1e+09,1e+09,1e+09,0,0,0,0,0,0,2,5.5138e-06,0,0.131481,-8,0,0,0,0.0582302,-4.70306e-20,-2.43313e-18,0,0,-4.40407e-09,-3.84253e-21
2.57179e-06,0,0,0,1e+09,1e+09,1e+09,0,0,0,0,0,0,2,5.5138e-06,0,0.131481,-8,0,0,0,0.0585988,-4.73502e-20,-2.44588e-18,0,0,-4.42611e-09,-3.85659e-21
2.57995e-06,0,0,0,1e+09,1e+09,1e+09,0,0,0,0,0,0,2,5.5138e-06,0,0.131481,-8,0,0,0,0.0590184,-4.76424e-20,-2.45708e-18,0,0,-4.44791e-09,-3.87062e-21
2.58812e-06,0,0,0,1e+09,1e+09,1e+09,0,0,0,0,0,0,2,5.5138e-06,0,0.131481,-8,0,0,0,0.0593571,-4.79114e-20,-2.46896e-18,0,0,-4.46957e-09,-3.88472e-21
2.59628e-06,0,0,0,1e+09,1e+09,1e+09,0,0,0,0,0,0,2,5.5138e-06,0,0.131481,-8,0,0,0,0.0596764,-4.81684e-20,-2.48237e-18,0,0,-4.49132e-09,-3.89881e-21
2.60445e-06,0,0,0,1e+09,1e+09,1e+09,0,0,0,0,0,0,2,5.5138e-06,0,0.131481,-8,0,0,0,0.059843,-4.843e-20,-2.49542e-18,0,0,-4.51298e-09,-3.9129e-21
2.61261e-06,0,0,0,1e+09,1e+09,1e+09,0,0,0,0,0,0,2,5.5138e-06,0,0.131481,-8,0,0,0,0.0602788,-4.8693e-20,-2.50691e-18,0,0,-4.53462e-09,-3.92692e-21
2.62078e-06,0,0,0,1e+09,1e+09,1e+09,0,0,0,0,0,0,2,5.5138e-06,0,0.131481,-8,0,0,0,0.0603989,-4.89579e-20,-2.51822e-18,0,0,-4.556e-09,-3.94087e-21
2.62894e-06,0,0,0,1e+09,1e+09,1e+09,0,0,0,0,0,0,2,5.5138e-06,0,0.131481,-8,0,0,0,0.0607737,-4.92147e-20,-2.5312e-18,0,0,-4.57733e-09,-3.9548e-21
2.63711e-06,0,0,0,1e+09,1e+09,1e+09,0,0,0,0,0,0,2,5.5138e-06,0,0.13148,-8,0,0,0,0.0608766,-4.9456e-20,-2.54479e-18,0,0,-4.59889e-09,-3.96877e-21
2.64527e-06,0,0,0,1e+09,1e+09,1e+09,0,0,0,0,0,0,2,5.5138e-06,0,0.13148,-8,0,0,0,0.0611429,-4.96882e-20,-2.55641e-18,0,0,-4.62018e-09,-3.98275e-21
2.65343e-06,0,0,0,1e+09,1e+09,1e+09,0,0,0,0,0,0,2,5.5138e-06,0,0.13148,-8,0,0,0,0.0614002,-4.99226e-20,-2.56762e-18,0,0,-4.64123e-09,-3.9967e-21
2.6616e-06,0,0,0,1e+09,1e+09,1e+09,0,0,0,0,0,0,2,5.5138e-06,0,0.13148,-8,0,0,0,0.06166,-5.01685e-20,-2.58031e-18,0,0,-4.66212e-09,-4.01072e-21
2.66976e-06,0,0,0,1e+09,1e+09,1e+09,0,0,0,0,0,0,2,5.5138e-06,0,0.13148,-8,0,0,0,0.0619317,-5.0426e-20,-2.59334e-18,0,0,-4.68318e-09,-4.0247e-21
2.67793e-06,0,0,0,1e+09,1e+09,1e+09,0,0,0,0,0,0,2,5.5138e-06,0,0.13148,-8,0,0,0,0.0621032,-5.0686e-20,-2.60427e-18,0,0,-4.70415e-09,-4.03875e-21
2.68609e-06,0,0,0,1e+09,1e+09,1e+09,0,0,0,0,0,0,2,5.5138e-06,0,0.13148,-8,0,0,0,0.0624034,-5.09531e-20,-2.6159e-18,0,0,-4.72471e-09,-4.05279e-21
2.69426e-06,0,0,0,1e+09,1e+09,1e+09,0,0,0,0,0,0,2,5.5138e-06,0,0.13148,-8,0,0,0,0.0627055,-5.12349e-20,-2.62925e-18,0,0,-4.74533e-09,-4.06687e-21
2.70242e-06,0,0,0,1e+09,1e+09,1e+09,0,0,0,0,0,0,2,5.5138e-06,0,0.13148,-8,0,0,0,0.062866,-5.15027e-20,-2.64155e-18,0,0,-4.76608e-09,-4.08094e-21
2.71059e-06,0,0,0,1e+09,1e+09,1e+09,0,0,0,0,0,0,2,5.5138e-06,0,0.13148,-8,0,0,0,0.0631117,-5.17489e-20,-2.65168e-18,0,0,-4.78647e-09,-4.09499e-21
2.71875e-06,0,0,0,1e+09,1e+09,1e+09,0,0,0,0,0,0,2,5.5138e-06,0,0.13148,-8,0,0,0,0.0635243,-5.20015e-20,-2.6633e-18,0,0,-4.80665e-09,-4.10896e-21
2.72691e-06,0,0,0,1e+09,1e+09,1e+09,0,0,0,0,0,0,2,5.5138e-06,0,0.13148,-8,0,0,0,0.0638371,-5.22662e-20,-2.67671e-18,0,0,-4.82684e-09,-4.12291e-21
2.73508e-06,0,0,0,1e+09,1e+09,1e+09,0,0,0,0,0,0,2,5.5138e-06,0,0.13148,-8,0,0,0,0.0639803,-5.25244e-20,-2.68774e-18,0,0,-4.84715e-09,-4.13682e-21
2.74324e-06,0,0,0,1e+09,1e+09,1e+09,0,0,0,0,0,0,2,5.5138e-06,0,0.13148,-8,0,0,0,0.0642658,-5.27632e-20,-2.69789e-18,0,0,-4.86707e-09,-4.15084e-21
2.75141e-06,0,0,0,1e+09,1e+09,1e+09,0,0,0,0,0,0,2,5.5138e-06,0,0.13148,-8,0,0,0,0.0644245,-5.30014e-20,-2.71081e-18,0,0,-4.88693e-09,-4.16482e-21
2.75957e-06,0,0,0,1e+09,1e+09,1e+09,0,0,0,0,0,0,2,5.5138e-06,0,0.131479,-8,0,0,0,0.0647089,-5.3218e-20,-2.72234e-18,0,0,-4.90698e-09,-4.17883e-21
2.76774e-06,0,0,0,1e+09,1e+09,1e+09,0,0,0,0,0,0,2,5.5138e-06,0,0.131479,-8,0,0,0,0.0651038,-5.34148e-20,-2.73282e-18,0,0,-4.92672e-09,-4.19285e-21
2.7759e-06,0,0,0,1e+09,1e+09,1e+09,0,0,0,0,0,0,2,5.5138e-06,0,0.131479,-8,0,0,0,0.065205,-5.36059e-20,-2.74482e-18,0,0,-4.94629e-09,-4.20692e-21
2.78407e-06,0,0,0,1e+09,1e+09,1e+09,0,0,0,0,0,0,2,5.5138e-06,0,0.131479,-8,0,0,0,0.0654387,-5.3803e-20,-2.75668e-18,0,0,-4.96601e-09,-4.22097e-21
2.79223e-06,0,0,0,1e+09,1e+09,1e+09,0,0,0,0,0,0,2,5.5138e-06,0,0.131479,-8,0,0,0,0.0657912,-5.40047e-20,-2.76694e-18,0,0,-4.98534e-09,-4.23502e-21
2.80039e-06,0,0,0,1e+09,1e+09,1e+09,0,0,0,0,0,0,2,5.5138e-06,0,0.131479,-8,0,0,0,0.0657316,-5.42215e-20,-2.7781e-18,0,0,-5.00461e-09,-4.24906e-21
2.80856e-06,0,0,0,1e+09,1e+09,1e+09,0,0,0,0,0,0,2,5.5138e-06,0,0.131479,-8,0,0,0,0.0661395,-5.44491e-20,-2.79017e-18,0,0,-5.02404e-09,-4.26309e-21
2.81672e-06,0,0,0,1e+09,1e+09,1e+09,0,0,0,0,0,0,2,5.5138e-06,0,0.131479,-8,0,0,0,0.0662148,-5.46806e-20,-2.80088e-18,0,0,-5.04323e-09,-4.2771e-21
2.82489e-06,0,0,0,1e+09,1e+09,1e+09,0,0,0,0,0,0,2,5.5138e-06,0,0.131479,-8,0,0,0,0.0664427,-5.49065e-20,-2.81043e-18,0,0,-5.06212e-09,-4.29111e-21
2.83305e-06,0,0,0,1e+09,1e+09,1e+09,0,0,0,0,0,0,2,5.5138e-06,0,0.131479,-8,0,0,0,0.0666942,-5.51407e-20,-2.82238e-18,0,0,-5.0809e-09,-4.30517e-21
2.84122e-06,0,0,0,1e+09,1e+09,1e+09,0,0,0,0,0,0,2,5.5138e-06,0,0.131479,-8,0,0,0,0.0669788,-5.53679e-20,-2.83362e-18,0,0,-5.09995e-09,-4.31927e-21
2.84938e-06,0,0,0,1e+09,1e+09,1e+09,0,0,0,0,0,0,2,5.5138e-06,0,0.131479,-8,0,0,0,0.0671564,-5.55819e-20,-2.84264e-18,0,0,-5.11873e-09,-4.3334e-21
2.85754e-06,0,0,0,1e+09,1e+09,1e+09,0,0,0,0,0,0,2,5.5138e-06,0,0.131479,-8,0,0,0,0.0673064,-5.57933e-20,-2.85371e-18,0,0,-5.13725e-09,-4.34749e-21
2.86571e-06,0,0,0,1e+09,1e+09,1e+09,0,0,0,0,0,0,2,5.5138e-06,0,0.131479,-8,0,0,0,0.0676137,-5.59957e-20,-2.86558e-18,0,0,-5.15596e-09,-4.36158e-21
2.87387e-06,0,0,0,1e+09,1e+09,1e+09,0,0,0,0,0,0,2,5.5138e-06,0,0.131479,-8,0,0,0,0.0678539,-5.61824e-20,-2.8752e-18,0,0,-5.17448e-09,-4.3757e-21
2.88204e-06,0,0,0,1e+09,1e+09,1e+09,0,0,0,0,0,0,2,5.5138e-06,0,0.131478,-8,0,0,0,0.0679288,-5.63816e-20,-2.88557e-18,0,0,-5.19277e-09,-4.38982e-21
2.8902e-06,0,0,0,1e+09,1e+09,1e+09,0,0,0,0,0,0,2,5.5138e-06,0,0.131478,-8,0,0,0,0.0681608,-5.65955e-20,-2.89629e-18,0,0,-5.21104e-09,-4.40391e-21
2.89837e-06,0,0,0,1e+09,1e+09,1e+09,0,0,0,0,0,0,2,5.5138e-06,0,0.131478,-8,0,0,0,0.0683542,-5.68045e-20,-2.90653e-18,0,0,-5.22936e-09,-4.41802e-21
2.90653e-06,0,0,0,1e+09,1e+09,1e+09,0,0,0,0,0,0,2,5.5138e-06,0,0.131478,-8,0,0,0,0.0685578,-5.70028e-20,-2.91644e-18,0,0,-5.24739e-09,-4.43205e-21
2.9147e-06,0,0,0,1e+09,1e+09,1e+09,0,0,0,0,0,0,2,5.5138e-06,0,0.131478,-8,0,0,0,0.0688699,-5.71994e-20,-2.92638e-18,0,0,-5.26527e-09,-4.44616e-21
2.92286e-06,0,0,0,1e+09,1e+09,1e+09,0,0,0,0,0,0,2,5.5138e-06,0,0.131478,-8,0,0,0,0.0691503,-5.73935e-20,-2.93714e-18,0,0,-5.28313e-09,-4.46019e-21
2.93102e-06,0,0,0,1e+09,1e+09,1e+09,0,0,0,0,0,0,2,5.5138e-06,0,0.131478,-8,0,0,0,0.0693134,-5.75696e-20,-2.9476e-18,0,0,-5.30109e-09,-4.47417e-21
2.93919e-06,0,0,0,1e+09,1e+09,1e+09,0,0,0,0,0,0,2,5.5138e-06,0,0.131478,-8,0,0,0,0.0694068,-5.77299e-20,-2.95624e-18,0,0,-5.31873e-09,-4.48821e-21
2.94735e-06,0,0,0,1e+09,1e+09,1e+09,0,0,0,0,0,0,2,5.5138e-06,0,0.131478,-8,0,0,0,0.0696143,-5.78999e-20,-2.96639e-18,0,0,-5.33632e-09,-4.50227e-21
2.95552e-06,0,0,0,1e+09,1e+09,1e+09,0,0,0,0,0,0,2,5.5138e-06,0,0.131478,-8,0,0,0,0.0695639,-5.80643e-20,-2.97663e-18,0,0,-5.35389e-09,-4.51633e-21
2.96368e-06,0,0,0,1e+09,1e+09,1e+09,0,0,0,0,0,0,2,5.5138e-06,0,0.131478,-8,0,0,0,0.069759,-5.82163e-20,-2.98624e-18,0,0,-5.37137e-09,-4.53039e-21
2.97185e-06,0,0,0,1e+09,1e+09,1e+09,0,0,0,0,0,0,2,5.5138e-06,0,0.131478,-8,0,0,0,0.0698335,-5.83585e-20,-2.99562e-18,0,0,-5.38872e-09,-4.54448e-21
2.98001e-06,0,0,0,1e+09,1e+09,1e+09,0,0,0,0,0,0,2,5.5138e-06,0,0.131478,-8,0,0,0,0.0699726,-5.85026e-20,-3.00516e-18,0,0,-5.40589e-09,-4.55855e-21
2.98818e-06,0,0,0,1e+09,1e+09,1e+09,0,0,0,0,0,0,2,5.5138e-06,0,0.131478,-8,0,0,0,0.0702084,-5.86563e-20,-3.0156e-18,0,0,-5.42303e-09,-4.57258e-21
2.99634e-06,0,0,0,1e+09,1e+09,1e+09,0,0,0,0,0,0,2,5.5138e-06,0,0.131478,-8,0,0,0,0.070117,-5.88114e-20,-3.02494e-18,0,0,-5.44031e-09,-4.5866e-21
3.0045e-06,0,0,0,1e+09,1e+09,1e+09,0,0,0,0,0,0,2,5.5138e-06,0,0.131478,-8,0,0,0,0.0703835,-5.89695e-20,-3.03327e-18,0,0,-5.4573e-09,-4.60063e-21
3.01267e-06,0,0,0,1e+09,1e+09,1e+09,0,0,0,0,0,0,2,5.5138e-06,0,0.131477,-8,0,0,0,0.0704466,-5.91264e-20,-3.04266e-18,0,0,-5.47414e-09,-4.61473e-21
3.02083e-06,0,0,0,1e+09,1e+09,1e+09,0,0,0,0,0,0,2,5.5138e-06,0,0.131477,-8,0,0,0,0.0705052,-5.92812e-20,-3.05308e-18,0,0,-5.49115e-09,-4.62882e-21
3.029e-06,0,0,0,1e+09,1e+09,1e+09,0,0,0,0,0,0,2,5.5138e-06,0,0.131477,-8,0,0,0,0.0706443,-5.94181e-20,-3.06211e-18,0,0,-5.50808e-09,-4.64284e-21
3.03716e-06,0,0,0,1e+09,1e+09,1e+09,0,0,0,0,0,0,2,5.5138e-06,0,0.131477,-8,0,0,0,0.0709264,-5.95458e-20,-3.07043e-18,0,0,-5.52473e-09,-4.65695e-21
3.04533e-06,0,0,0,1e+09,1e+09,1e+09,0,0,0,0,0,0,2,5.5138e-06,0,0.131477,-8,0,0,0,0.0710129,-5.96676e-20,-3.07996e-18,0,0,-5.54136e-09,-4.67104e-21
3.05349e-06,0,0,0,1e+09,1e+09,1e+09,0,0,0,0,0,0,2,5.5138e-06,0,0.131477,-8,0,0,0,0.0709939,-5.9774e-20,-3.08944e-18,0,0,-5.55796e-09,-4.68515e-21
3.06166e-06,0,0,0,1e+09,1e+09,1e+09,0,0,0,0,0,0,2,5.5138e-06,0,0.131477,-8,0,0,0,0.0712189,-5.98757e-20,-3.09858e-18,0,0,-5.5745e-09,-4.69932e-21
3.06982e-06,0,0,0,1e+09,1e+09,1e+09,0,0,0,0,0,0,2,5.5138e-06,0,0.131477,-8,0,0,0,0.0715516,-5.99676e-20,-3.10748e-18,0,0,-5.59096e-09,-4.71335e-21
3.07798e-06,0,0,0,1e+09,1e+09,1e+09,0,0,0,0,0,0,2,5.5138e-06,0,0.131477,-8,0,0,0,0.0714179,-6.00461e-20,-3.11639e-18,0,0,-5.60739e-09,-4.72742e-21
3.08615e-06,0,0,0,1e+09,1e+09,1e+09,0,0,0,0,0,0,2,5.5138e-06,0,0.131477,-8,0,0,0,0.0713991,-6.01216e-20,-3.12582e-18,0,0,-5.62366e-09,-4.74154e-21
3.09431e-06,0,0,0,1e+09,1e+09,1e+09,0,0,0,0,0,0,2,5.5138e-06,0,0.131477,-8,0,0,0,0.0715197,-6.0202e-20,-3.1348e-18,0,0,-5.63999e-09,-4.75566e-21
3.10248e-06,0,0,0,1e+09,1e+09,1e+09,0,0,0,0,0,0,2,5.5138e-06,0,0.131477,-8,0,0,0,0.0716088,-6.02729e-20,-3.14342e-18,0,0,-5.65624e-09,-4.7698e-21
3.11064e-06,0,0,0,1e+09,1e+09,1e+09,0,0,0,0,0,0,2,5.5138e-06,0,0.131477,-8,0,0,0,0.0718901,-6.03402e-20,-3.15231e-18,0,0,-5.67238e-09,-4.78397e-21
3.11881e-06,0,0,0,1e+09,1e+09,1e+09,0,0,0,0,0,0,2,5.5138e-06,0,0.131477,-8,0,0,0,0.0717517,-6.0399e-20,-3.16093e-18,0,0,-5.68848e-09,-4.79815e-21
3.12697e-06,0,0,0,1e+09,1e+09,1e+09,0,0,0,0,0,0,2,5.5138e-06,0,0.131477,-8,0,0,0,0.0719457,-6.04532e-20,-3.17003e-18,0,0,-5.70453e-09,-4.81238e-21
3.13513e-06,0,0,0,1e+09,1e+09,1e+09,0,0,0,0,0,0,2,5.5138e-06,0,0.131476,-8,0,0,0,0.0718738,-6.04889e-20,-3.17894e-18,0,0,-5.72054e-09,-4.8265e-21
3.1433e-06,0,0,0,1e+09,1e+09,1e+09,0,0,0,0,0,0,2,5.5138e-06,0,0.131476,-8,0,0,0,0.0719098,-6.05107e-20,-3.18765e-18,0,0,-5.7364e-09,-4.84064e-21
3.15146e-06,0,0,0,1e+09,1e+09,1e+09,0,0,0,0,0,0,2,5.5138e-06,0,0.131476,-8,0,0,0,0.0719604,-6.05234e-20,-3.1959e-18,0,0,-5.75221e-09,-4.85477e-21
3.15963e-06,0,0,0,1e+09,1e+09,1e+09,0,0,0,0,0,0,2,5.5138e-06,0,0.131476,-8,0,0,0,0.0721015,-6.0537e-20,-3.20465e-18,0,0,-5.76804e-09,-4.86896e-21
3.16779e-06,0,0,0,1e+09,1e+09,1e+09,0,0,0,0,0,0,2,5.5138e-06,0,0.131476,-8,0,0,0,0.0719661,-6.0547e-20,-3.21346e-18,0,0,-5.78379e-09,-4.88309e-21
3.17596e-06,0,0,0,1e+09,1e+09,1e+09,0,0,0,0,0,0,2,5.5138e-06,0,0.131476,-8,0,0,0,0.0719585,-6.05397e-20,-3.22182e-18,0,0,-5.7994e-09,-4.89722e-21
3.18412e-06,0,0,0,1e+09,1e+09,1e+09,0,0,0,0,0,0,2,5.5138e-06,0,0.131476,-8,0,0,0,0.0720466,-6.05269e-20,-3.23074e-18,0,0,-5.81499e-09,-4.91132e-21
3.19229e-06,0,0,0,1e+09,1e+09,1e+09,0,0,0,0,0,0,2,5.5138e-06,0,0.131476,-8,0,0,0,0.0719356,-6.05162e-20,-3.23901e-18,0,0,-5.83062e-09,-4.92546e-21
3.20045e-06,0,0,0,1e+09,1e+09,1e+09,0,0,0,0,0,0,2,5.5138e-06,0,0.131476,-8,0,0,0,0.0720312,-6.05034e-20,-3.24711e-18,0,0,-5.84609e-09,-4.93954e-21
3.20861e-06,0,0,0,1e+09,1e+09,1e+09,0,0,0,0,0,0,2,5.5138e-06,0,0.131476,-8,0,0,0,0.0721428,-6.04974e-20,-3.25599e-18,0,0,-5.86149e-09,-4.95371e-21
3.21678e-06,0,0,0,1e+09,1e+09,1e+09,0,0,0,0,0,0,2,5.5138e-06,0,0.131476,-8,0,0,0,0.0718351,-6.04885e-20,-3.26404e-18,0,0,-5.87677e-09,-4.96781e-21
3.22494e-06,0,0,0,1e+09,1e+09,1e+09,0,0,0,0,0,0,2,5.5138e-06,0,0.131476,-8,0,0,0,0.0720102,-6.04684e-20,-3.27237e-18,0,0,-5.892e-09,-4.98194e-21
3.23311e-06,0,0,0,1e+09,1e+09,1e+09,0,0,0,0,0,0,2,5.5138e-06,0,0.131476,-8,0,0,0,0.0721017,-6.04319e-20,-3.28092e-18,0,0,-5.90721e-09,-4.99606e-21
3.24127e-06,0,0,0,1e+09,1e+09,1e+09,0,0,0,0,0,0,2,5.5138e-06,0,0.131476,-8,0,0,0,0.0720812,-6.03858e-20,-3.28896e-18,0,0,-5.92252e-09,-5.01014e-21
3.24944e-06,0,0,0,1e+09,1e+09,1e+09,0,0,0,0,0,0,2,5.5138e-06,0,0.131476,-8,0,0,0,0.0719537,-6.03321e-20,-3.29652e-18,0,0,-5.9376e-09,-5.02425e-21
3.2576e-06,0,0,0,1e+09,1e+09,1e+09,0,0,0,0,0,0,2,5.5138e-06,0,0.131475,-8,0,0,0,0.0721411,-6.02773e-20,-3.30481e-18,0,0,-5.95264e-09,-5.03837e-21
3.26577e-06,0,0,0,1e+09,1e+09,1e+09,0,0,0,0,0,0,2,5.5138e-06,0,0.131475,-8,0,0,0,0.0719859,-6.02118e-20,-3.31378e-18,0,0,-5.96772e-09,-5.05244e-21
3.27393e-06,0,0,0,1e+09,1e+09,1e+09,0,0,0,0,0,0,2,5.5138e-06,0,0.131475,-8,0,0,0,0.0720368,-6.01218e-20,-3.32175e-18,0,0,-5.98295e-09,-5.06645e-21
3.28209e-06,0,0,0,1e+09,1e+09,1e+09,0,0,0,0,0,0,2,5.5138e-06,0,0.131475,-8,0,0,0,0.0718217,-6.00184e-20,-3.32916e-18,0,0,-5.9981e-09,-5.08051e-21
3.29026e-06,0,0,0,1e+09,1e+09,1e+09,0,0,0,0,0,0,2,5.5138e-06,0,0.131475,-8,0,0,0,0.0718006,-5.99087e-20,-3.33731e-18,0,0,-6.01297e-09,-5.09461e-21
3.29842e-06,0,0,0,1e+09,1e+09,1e+09,0,0,0,0,0,0,2,5.5138e-06,0,0.131475,-8,0,0,0,0.0717772,-5.97992e-20,-3.34599e-18,0,0,-6.0279e-09,-5.10873e-21
3.30659e-06,0,0,0,1e+09,1e+09,1e+09,0,0,0,0,0,0,2,5.5138e-06,0,0.131475,-8,0,0,0,0.0718616,-5.96872e-20,-3.35411e-18,0,0,-6.04294e-09,-5.12285e-21
3.31475e-06,0,0,0,1e+09,1e+09,1e+09,0,0,0,0,0,0,2,5.5138e-06,0,0.131475,-8,0,0,0,0.0715022,-5.95722e-20,-3.36176e-18,0,0,-6.05783e-09,-5.13696e-21
3.32292e-06,0,0,0,1e+09,1e+09,1e+09,0,0,0,0,0,0,2,5.5138e-06,0,0.131475,-8,0,0,0,0.0717196,-5.94656e-20,-3.36977e-18,0,0,-6.07271e-09,-5.15104e-21
3.33108e-06,0,0,0,1e+09,1e+09,1e+09,0,0,0,0,0,0,2,5.5138e-06,0,0.131475,-8,0,0,0,0.0715187,-5.93549e-20,-3.37792e-18,0,0,-6.08755e-09,-5.1651e-21
3.33925e-06,0,0,0,1e+09,1e+09,1e+09,0,0,0,0,0,0,2,5.5138e-06,0,0.131475,-8,0,0,0,0.0714134,-5.9235e-20,-3.38611e-18,0,0,-6.10249e-09,-5.17917e-21
3.34741e-06,0,0,0,1e+09,1e+09,1e+09,0,0,0,0,0,0,2,5.5138e-06,0,0.131475,-8,0,0,0,0.0713134,-5.90987e-20,-3.39349e-18,0,0,-6.11731e-09,-5.19326e-21
3.35557e-06,0,0,0,1e+09,1e+09,1e+09,0,0,0,0,0,0,2,5.5138e-06,0,0.131475,-8,0,0,0,0.0711097,-5.89515e-20,-3.40171e-18,0,0,-6.13195e-09,-5.20732e-21
3.36374e-06,0,0,0,1e+09,1e+09,1e+09,0,0,0,0,0,0,2,5.5138e-06,0,0.131475,-8,0,0,0,0.0710037,-5.8801e-20,-3.4097e-18,0,0,-6.14679e-09,-5.22146e-21
3.3719e-06,0,0,0,1e+09,1e+09,1e+09,0,0,0,0,0,0,2,5.5138e-06,0,0.131475,-8,0,0,0,0.0708605,-5.86397e-20,-3.41725e-18,0,0,-6.16162e-09,-5.23559e-21
3.38007e-06,0,0,0,1e+09,1e+09,1e+09,0,0,0,0,0,0,2,5.5138e-06,0,0.131474,-8,0,0,0,0.070779,-5.84746e-20,-3.42531e-18,0,0,-6.17642e-09,-5.24972e-21
3.38823e-06,0,0,0,1e+09,1e+09,1e+09,0,0,0,0,0,0,2,5.5138e-06,0,0.131474,-8,0,0,0,0.0702769,-5.83021e-20,-3.43305e-18,0,0,-6.19114e-09,-5.26386e-21
3.3964e-06,0,0,0,1e+09,1e+09,1e+09,0,0,0,0,0,0,2,5.5138e-06,0,0.131474,-8,0,0,0,0.07052,-5.8129e-20,-3.44079e-18,0,0,-6.20586e-09,-5.278e-21
3.40456e-06,0,0,0,1e+09,1e+09,1e+09,0,0,0,0,0,0,2,5.5138e-06,0,0.131474,-8,0,0,0,0.0702492,-5.79583e-20,-3.44895e-18,0,0,-6.22062e-09,-5.29209e-21
3.41272e-06,0,0,0,1e+09,1e+09,1e+09,0,0,0,0,0,0,2,5.5138e-06,0,0.131474,-8,0,0,0,0.070082,-5.77909e-20,-3.45658e-18,0,0,-6.23539e-09,-5.30614e-21
3.42089e-06,0,0,0,1e+09,1e+09,1e+09,0,0,0,0,0,0,2,5.5138e-06,0,0.131474,-8,0,0,0,0.0699271,-5.76288e-20,-3.46426e-18,0,0,-6.25018e-09,-5.32026e-21
3.42905e-06,0,0,0,1e+09,1e+09,1e+09,0,0,0,0,0,0,2,5.5138e-06,0,0.131474,-8,0,0,0,0.0699294,-5.74735e-20,-3.47218e-18,0,0,-6.26485e-09,-5.33437e-21
3.43722e-06,0,0,0,1e+09,1e+09,1e+09,0,0,0,0,0,0,2,5.5138e-06,0,0.131474,-8,0,0,0,0.0697846,-5.73164e-20,-3.47997e-18,0,0,-6.27957e-09,-5.34848e-21
3.44538e-06,0,0,0,1e+09,1e+09,1e+09,0,0,0,0,0,0,2,5.5138e-06,0,0.131474,-8,0,0,0,0.0695294,-5.71462e-20,-3.48774e-18,0,0,-6.29431e-09,-5.36262e-21
3.45355e-06,0,0,0,1e+09,1e+09,1e+09,0,0,0,0,0,0,2,5.5138e-06,0,0.131474,-8,0,0,0,0.0694316,-5.69585e-20,-3.49555e-18,0,0,-6.30901e-09,-5.37677e-21
3.46171e-06,0,0,0,1e+09,1e+09,1e+09,0,0,0,0,0,0,2,5.5138e-06,0,0.131474,-8,0,0,0,0.0692452,-5.67446e-20,-3.50317e-18,0,0,-6.32367e-09,-5.391e-21
3.46988e-06,0,0,0,1e+09,1e+09,1e+09,0,0,0,0,0,0,2,5.5138e-06,0,0.131474,-8,0,0,0,0.0689489,-5.65206e-20,-3.51125e-18,0,0,-6.33838e-09,-5.40515e-21
3.47804e-06,0,0,0,1e+09,1e+09,1e+09,0,0,0,0,0,0,2,5.5138e-06,0,0.131474,-8,0,0,0,0.0688589,-5.63027e-20,-3.51904e-18,0,0,-6.35314e-09,-5.41929e-21
3.4862e-06,0,0,0,1e+09,1e+09,1e+09,0,0,0,0,0,0,2,5.5138e-06,0,0.131474,-8,0,0,0,0.0688047,-5.60872e-20,-3.52681e-18,0,0,-6.36801e-09,-5.4334e-21
3.49437e-06,0,0,0,1e+09,1e+09,1e+09,0,0,0,0,0,0,2,5.5138e-06,0,0.131474,-8,0,0,0,0.0686335,-5.58655e-20,-3.53427e-18,0,0,-6.38275e-09,-5.44746e-21
3.50253e-06,0,0,0,1e+09,1e+09,1e+09,0,0,0,0,0,0,2,5.5138e-06,0,0.131474,-8,0,0,0,0.0682635,-5.56331e-20,-3.54192e-18,0,0,-6.39753e-09,-5.46157e-21
3.5107e-06,0,0,0,1e+09,1e+09,1e+09,0,0,0,0,0,0,2,5.5138e-06,0,0.131473,-8,0,0,0,0.0679437,-5.53795e-20,-3.55001e-18,0,0,-6.41222e-09,-5.47571e-21
3.51886e-06,0,0,0,1e+09,1e+09,1e+09,0,0,0,0,0,0,2,5.5138e-06,0,0.131473,-8,0,0,0,0.0679646,-5.51274e-20,-3.55825e-18,0,0,-6.42711e-09,-5.48983e-21
3.52703e-06,0,0,0,1e+09,1e+09,1e+09,0,0,0,0,0,0,2,5.5138e-06,0,0.131473,-8,0,0,0,0.0673953,-5.48755e-20,-3.56571e-18,0,0,-6.44192e-09,-5.50397e-21
3.53519e-06,0,0,0,1e+09,1e+09,1e+09,0,0,0,0,0,0,2,5.5138e-06,0,0.131473,-8,0,0,0,0.0673152,-5.46203e-20,-3.57294e-18,0,0,-6.45657e-09,-5.51807e-21
3.54336e-06,0,0,0,1e+09,1e+09,1e+09,0,0,0,0,0,0,2,5.5138e-06,0,0.131473,-8,0,0,0,0.067,-5.43744e-20,-3.58146e-18,0,0,-6.47133e-09,-5.53222e-21
3.55152e-06,0,0,0,1e+09,1e+09,1e+09,0,0,0,0,0,0,2,5.5138e-06,0,0.131473,-8,0,0,0,0.0667517,-5.41307e-20,-3.58982e-18,0,0,-6.48632e-09,-5.5464e-21
3.55968e-06,0,0,0,1e+09,1e+09,1e+09,0,0,0,0,0,0,2,5.5138e-06,0,0.131473,-8,0,0,0,0.0666366,-5.38727e-20,-3.59665e-18,0,0,-6.5012e-09,-5.56053e-21
3.56785e-06,0,0,0,1e+09,1e+09,1e+09,0,0,0,0,0,0,2,5.5138e-06,0,0.131473,-8,0,0,0,0.0663331,-5.36063e-20,-3.60439e-18,0,0,-6.51587e-09,-5.57468e-21
3.57601e-06,0,0,0,1e+09,1e+09,1e+09,0,0,0,0,0,0,2,5.5138e-06,0,0.131473,-8,0,0,0,0.0659205,-5.33398e-20,-3.61278e-18,0,0,-6.53068e-09,-5.5888e-21
3.58418e-06,0,0,0,1e+09,1e+09,1e+09,0,0,0,0,0,0,2,5.5138e-06,0,0.131473,-8,0,0,0,0.0656807,-5.30734e-20,-3.62036e-18,0,0,-6.54556e-09,-5.60296e-21
3.59234e-06,0,0,0,1e+09,1e+09,1e+09,0,0,0,0,0,0,2,5.5138e-06,0,0.131473,-8,0,0,0,0.0652769,-5.28084e-20,-3.62811e-18,0,0,-6.56027e-09,-5.61708e-21
3.60051e-06,0,0,0,1e+09,1e+09,1e+09,0,0,0,0,0,0,2,5.5138e-06,0,0.131473,-8,0,0,0,0.0650117,-5.25522e-20,-3.63654e-18,0,0,-6.57512e-09,-5.63115e-21
3.60867e-06,0,0,0,1e+09,1e+09,1e+09,0,0,0,0,0,0,2,5.5138e-06,0,0.131473,-8,0,0,0,0.0649339,-5.22891e-20,-3.64397e-18,0,0,-6.59006e-09,-5.64527e-21
3.61684e-06,0,0,0,1e+09,1e+09,1e+09,0,0,0,0,0,0,2,5.5138e-06,0,0.131473,-8,0,0,0,0.0644538,-5.20181e-20,-3.65126e-18,0,0,-6.60492e-09,-5.65941e-21
3.625e-06,0,0,0,1e+09,1e+09,1e+09,0,0,0,0,0,0,2,5.5138e-06,0,0.131473,-8,0,0,0,0.0642466,-5.17403e-20,-3.65929e-18,0,0,-6.61981e-09,-5.67354e-21
3.63316e-06,0,0,0,1e+09,1e+09,1e+09,0,0,0,0,0,0,2,5.5138e-06,0,0.131472,-8,0,0,0,0.0640223,-5.14634e-20,-3.66733e-18,0,0,-6.63474e-09,-5.68773e-21
3.64133e-06,0,0,0,1e+09,1e+09,1e+09,0,0,0,0,0,0,2,5.5138e-06,0,0.131472,-8,0,0,0,0.0637218,-5.11891e-20,-3.67488e-18,0,0,-6.64954e-09,-5.70196e-21
3.64949e-06,0,0,0,1e+09,1e+09,1e+09,0,0,0,0,0,0,2,5.5138e-06,0,0.131472,-8,0,0,0,0.0632777,-5.09315e-20,-3.68289e-18,0,0,-6.66446e-09,-5.71622e-21
3.65766e-06,0,0,0,1e+09,1e+09,1e+09,0,0,0,0,0,0,2,5.5138e-06,0,0.131472,-8,0,0,0,0.0630886,-5.06878e-20,-3.69035e-18,0,0,-6.67942e-09,-5.73043e-21
3.66582e-06,0,0,0,1e+09,1e+09,1e+09,0,0,0,0,0,0,2,5.5138e-06,0,0.131472,-8,0,0,0,0.0629268,-5.04509e-20,-3.6981e-18,0,0,-6.69421e-09,-5.7447e-21
3.67399e-06,0,0,0,1e+09,1e+09,1e+09,0,0,0,0,0,0,2,5.5138e-06,0,0.131472,-8,0,0,0,0.0626453,-5.02009e-20,-3.7065e-18,0,0,-6.70917e-09,-5.75888e-21
3.68215e-06,0,0,0,1e+09,1e+09,1e+09,0,0,0,0,0,0,2,5.5138e-06,0,0.131472,-8,0,0,0,0.0623406,-4.99206e-20,-3.71366e-18,0,0,-6.72408e-09,-5.77303e-21
3.69031e-06,0,0,0,1e+09,1e+09,1e+09,0,0,0,0,0,0,2,5.5138e-06,0,0.131472,-8,0,0,0,0.0619032,-4.96155e-20,-3.72118e-18,0,0,-6.73882e-09,-5.78723e-21
3.69848e-06,0,0,0,1e+09,1e+09,1e+09,0,0,0,0,0,0,2,5.5138e-06,0,0.131472,-8,0,0,0,0.0615747,-4.92905e-20,-3.72934e-18,0,0,-6.75359e-09,-5.80147e-21
3.70664e-06,0,0,0,1e+09,1e+09,1e+09,0,0,0,0,0,0,2,5.5138e-06,0,0.131472,-8,0,0,0,0.0611274,-4.89621e-20,-3.73765e-18,0,0,-6.7685e-09,-5.81566e-21
3.71481e-06,0,0,0,1e+09,1e+09,1e+09,0,0,0,0,0,0,2,5.5138e-06,0,0.131472,-8,0,0,0,0.060927,-4.86396e-20,-3.74534e-18,0,0,-6.78351e-09,-5.82982e-21
3.72297e-06,0,0,0,1e+09,1e+09,1e+09,0,0,0,0,0,0,2,5.5138e-06,0,0.131472,-8,0,0,0,0.0605018,-4.8334e-20,-3.75256e-18,0,0,-6.79844e-09,-5.84398e-21
3.73114e-06,0,0,0,1e+09,1e+09,1e+09,0,0,0,0,0,0,2,5.5138e-06,0,0.131472,-8,0,0,0,0.0602446,-4.80401e-20,-3.76054e-18,0,0,-6.81325e-09,-5.85814e-21
3.7393e-06,0,0,0,1e+09,1e+09,1e+09,0,0,0,0,0,0,2,5.5138e-06,0,0.131472,-8,0,0,0,0.0600382,-4.77442e-20,-3.76855e-18,0,0,-6.82807e-09,-5.87236e-21
3.74747e-06,0,0,0,1e+09,1e+09,1e+09,0,0,0,0,0,0,2,5.5138e-06,0,0.131472,-8,0,0,0,0.0593342,-4.74339e-20,-3.77627e-18,0,0,-6.84306e-09,-5.88651e-21
3.75563e-06,0,0,0,1e+09,1e+09,1e+09,0,0,0,0,0,0,2,5.5138e-06,0,0.131471,-8,0,0,0,0.0591068,-4.71162e-20,-3.78433e-18,0,0,-6.85804e-09,-5.90068e-21
3.76379e-06,0,0,0,1e+09,1e+09,1e+09,0,0,0,0,0,0,2,5.5138e-06,0,0.131471,-8,0,0,0,0.0588367,-4.67876e-20,-3.79182e-18,0,0,-6.87289e-09,-5.9148e-21
3.77196e-06,0,0,0,1e+09,1e+09,1e+09,0,0,0,0,0,0,2,5.5138e-06,0,0.131471,-8,0,0,0,0.0584706,-4.64615e-20,-3.79955e-18,0,0,-6.88776e-09,-5.92894e-21
3.78012e-06,0,0,0,1e+09,1e+09,1e+09,0,0,0,0,0,0,2,5.5138e-06,0,0.131471,-8,0,0,0,0.058012,-4.6148e-20,-3.80774e-18,0,0,-6.90268e-09,-5.94303e-21
3.78829e-06,0,0,0,1e+09,1e+09,1e+09,0,0,0,0,0,0,2,5.5138e-06,0,0.131471,-8,0,0,0,0.0575929,-4.58383e-20,-3.81509e-18,0,0,-6.9177e-09,-5.95718e-21
3.79645e-06,0,0,0,1e+09,1e+09,1e+09,0,0,0,0,0,0,2,5.5138e-06,0,0.131471,-8,0,0,0,0.057193,-4.55327e-20,-3.82297e-18,0,0,-6.93255e-09,-5.97136e-21
3.80462e-06,0,0,0,1e+09,1e+09,1e+09,0,0,0,0,0,0,2,5.5138e-06,0,0.131471,-8,0,0,0,0.0570012,-4.52279e-20,-3.83124e-18,0,0,-6.94755e-09,-5.98551e-21
3.81278e-06,0,0,0,1e+09,1e+09,1e+09,0,0,0,0,0,0,2,5.5138e-06,0,0.131471,-8,0,0,0,0.0564856,-4.49175e-20,-3.83846e-18,0,0,-6.96257e-09,-5.99974e-21
3.82095e-06,0,0,0,1e+09,1e+09,1e+09,0,0,0,0,0,0,2,5.5138e-06,0,0.131471,-8,0,0,0,0.0561326,-4.46141e-20,-3.84623e-18,0,0,-6.97737e-09,-6.01397e-21
3.82911e-06,0,0,0,1e+09,1e+09,1e+09,0,0,0,0,0,0,2,5.5138e-06,0,0.131471,-8,0,0,0,0.0556802,-4.43117e-20,-3.85442e-18,0,0,-6.99218e-09,-6.02812e-21
3.83727e-06,0,0,0,1e+09,1e+09,1e+09,0,0,0,0,0,0,2,5.5138e-06,0,0.131471,-8,0,0,0,0.0554551,-4.4002e-20,-3.8622e-18,0,0,-7.00718e-09,-6.04225e-21
3.84544e-06,0,0,0,1e+09,1e+09,1e+09,0,0,0,0,0,0,2,5.5138e-06,0,0.131471,-8,0,0,0,0.0551685,-4.36921e-20,-3.86992e-18,0,0,-7.02211e-09,-6.05641e-21
3.8536e-06,0,0,0,1e+09,1e+09,1e+09,0,0,0,0,0,0,2,5.5138e-06,0,0.131471,-8,0,0,0,0.0545504,-4.33879e-20,-3.87766e-18,0,0,-7.03701e-09,-6.07059e-21
3.86177e-06,0,0,0,1e+09,1e+09,1e+09,0,0,0,0,0,0,2,5.5138e-06,0,0.131471,-8,0,0,0,0.0540089,-4.30934e-20,-3.88506e-18,0,0,-7.05197e-09,-6.08471e-21
3.86993e-06,0,0,0,1e+09,1e+09,1e+09,0,0,0,0,0,0,2,5.5138e-06,0,0.131471,-8,0,0,0,0.053984,-4.28089e-20,-3.8927e-18,0,0,-7.06654e-09,-6.09884e-21
3.8781e-06,0,0,0,1e+09,1e+09,1e+09,0,0,0,0,0,0,2,5.5138e-06,0,0.131471,-8,0,0,0,0.0536985,-4.25301e-20,-3.90106e-18,0,0,-7.08139e-09,-6.11301e-21
3.88626e-06,0,0,0,1e+09,1e+09,1e+09,0,0,0,0,0,0,2,5.5138e-06,0,0.13147,-8,0,0,0,0.0533093,-4.22408e-20,-3.90909e-18,0,0,-7.09645e-09,-6.12719e-21
3.89443e-06,0,0,0,1e+09,1e+09,1e+09,0,0,0,0,0,0,2,5.5138e-06,0,0.13147,-8,0,0,0,0.0531169,-4.19354e-20,-3.91626e-18,0,0,-7.11125e-09,-6.14138e-21
3.90259e-06,0,0,0,1e+09,1e+09,1e+09,0,0,0,0,0,0,2,5.5138e-06,0,0.13147,-8,0,0,0,0.052468,-4.16264e-20,-3.92385e-18,0,0,-7.12585e-09,-6.15559e-21
3.91075e-06,0,0,0,1e+09,1e+09,1e+09,0,0,0,0,0,0,2,5.5138e-06,0,0.13147,-8,0,0,0,0.0520157,-4.13292e-20,-3.93219e-18,0,0,-7.14063e-09,-6.16976e-21
3.91892e-06,0,0,0,1e+09,1e+09,1e+09,0,0,0,0,0,0,2,5.5138e-06,0,0.13147,-8,0,0,0,0.0515345,-4.10361e-20,-3.93967e-18,0,0,-7.15552e-09,-6.18394e-21
3.92708e-06,0,0,0,1e+09,1e+09,1e+09,0,0,0,0,0,0,2,5.5138e-06,0,0.13147,-8,0,0,0,0.0512095,-4.07557e-20,-3.94694e-18,0,0,-7.17027e-09,-6.19807e-21
3.93525e-06,0,0,0,1e+09,1e+09,1e+09,0,0,0,0,0,0,2,5.5138e-06,0,0.13147,-8,0,0,0,0.0507137,-4.04853e-20,-3.95499e-18,0,0,-7.18492e-09,-6.21217e-21
3.94341e-06,0,0,0,1e+09,1e+09,1e+09,0,0,0,0,0,0,2,5.5138e-06,0,0.13147,-8,0,0,0,0.0504301,-4.02122e-20,-3.96293e-18,0,0,-7.19954e-09,-6.22625e-21
3.95158e-06,0,0,0,1e+09,1e+09,1e+09,0,0,0,0,0,0,2,5.5138e-06,0,0.13147,-8,0,0,0,0.0498129,-3.99304e-20,-3.97027e-18,0,0,-7.21416e-09,-6.24036e-21
3.95974e-06,0,0,0,1e+09,1e+09,1e+09,0,0,0,0,0,0,2,5.5138e-06,0,0.13147,-8,0,0,0,0.0495915,-3.96549e-20,-3.97779e-18,0,0,-7.22872e-09,-6.25447e-21
3.9679e-06,0,0,0,1e+09,1e+09,1e+09,0,0,0,0,0,0,2,5.5138e-06,0,0.13147,-8,0,0,0,0.0490781,-3.93852e-20,-3.98567e-18,0,0,-7.24315e-09,-6.26856e-21
3.97607e-06,0,0,0,1e+09,1e+09,1e+09,0,0,0,0,0,0,2,5.5138e-06,0,0.13147,-8,0,0,0,0.0485733,-3.91213e-20,-3.99377e-18,0,0,-7.25778e-09,-6.28264e-21
3.98423e-06,0,0,0,1e+09,1e+09,1e+09,0,0,0,0,0,0,2,5.5138e-06,0,0.13147,-8,0,0,0,0.0483072,-3.88641e-20,-4.00118e-18,0,0,-7.2724e-09,-6.29665e-21
3.9924e-06,0,0,0,1e+09,1e+09,1e+09,0,0,0,0,0,0,2,5.5138e-06,0,0.13147,-8,0,0,0,0.0477906,-3.86107e-20,-4.00828e-18,0,0,-7.28688e-09,-6.31072e-21
4.00056e-06,0,0,0,1e+09,1e+09,1e+09,0,0,0,0,0,0,2,5.5138e-06,0,0.13147,-8,0,0,0,0.0474308,-3.83664e-20,-4.01617e-18,0,0,-7.3013e-09,-6.32472e-21
4.00873e-06,0,0,0,1e+09,1e+09,1e+09,0,0,0,0,0,0,2,5.5138e-06,0,0.131469,-8,0,0,0,0.0469303,-3.81182e-20,-4.02388e-18,0,0,-7.3158e-09,-6.33885e-21
4.01689e-06,0,0,0,1e+09,1e+09,1e+09,0,0,0,0,0,0,2,5.5138e-06,0,0.131469,-8,0,0,0,0.0464449,-3.78622e-20,-4.0314e-18,0,0,-7.33012e-09,-6.35291e-21
4.02506e-06,0,0,0,1e+09,1e+09,1e+09,0,0,0,0,0,0,2,5.5138e-06,0,0.131469,-8,0,0,0,0.0461116,-3.75972e-20,-4.03905e-18,0,0,-7.34442e-09,-6.3669e-21
4.03322e-06,0,0,0,1e+09,1e+09,1e+09,0,0,0,0,0,0,2,5.5138e-06,0,0.131469,-8,0,0,0,0.0457343,-3.73367e-20,-4.0465e-18,0,0,-7.35878e-09,-6.38094e-21
4.04138e-06,0,0,0,1e+09,1e+09,1e+09,0,0,0,0,0,0,2,5.5138e-06,0,0.131469,-8,0,0,0,0.0452221,-3.7091e-20,-4.05405e-18,0,0,-7.37312e-09,-6.39506e-21
4.04955e-06,0,0,0,1e+09,1e+09,1e+09,0,0,0,0,0,0,2,5.5138e-06,0,0.131469,-8,0,0,0,0.0448635,-3.68566e-20,-4.06174e-18,0,0,-7.38735e-09,-6.40918e-21
4.05771e-06,0,0,0,1e+09,1e+09,1e+09,0,0,0,0,0,0,2,5.5138e-06,0,0.131469,-8,0,0,0,0.0444417,-3.66278e-20,-4.06936e-18,0,0,-7.40163e-09,-6.42337e-21
4.06588e-06,0,0,0,1e+09,1e+09,1e+09,0,0,0,0,0,0,2,5.5138e-06,0,0.131469,-8,0,0,0,0.0441126,-3.64058e-20,-4.07658e-18,0,0,-7.41582e-09,-6.43751e-21
4.07404e-06,0,0,0,1e+09,1e+09,1e+09,0,0,0,0,0,0,2,5.5138e-06,0,0.131469,-8,0,0,0,0.043624,-3.61836e-20,-4.08391e-18,0,0,-7.42984e-09,-6.45156e-21
4.08221e-06,0,0,0,1e+09,1e+09,1e+09,0,0,0,0,0,0,2,5.5138e-06,0,0.131469,-8,0,0,0,0.0432776,-3.59521e-20,-4.09141e-18,0,0,-7.44389e-09,-6.46564e-21
4.09037e-06,0,0,0,1e+09,1e+09,1e+09,0,0,0,0,0,0,2,5.5138e-06,0,0.131469,-8,0,0,0,0.0428074,-3.57163e-20,-4.09911e-18,0,0,-7.458e-09,-6.47976e-21
4.09854e-06,0,0,0,1e+09,1e+09,1e+09,0,0,0,0,0,0,2,5.5138e-06,0,0.131469,-8,0,0,0,0.0423274,-3.54818e-20,-4.10648e-18,0,0,-7.47217e-09,-6.49383e-21
4.1067e-06,0,0,0,1e+09,1e+09,1e+09,0,0,0,0,0,0,2,5.5138e-06,0,0.131469,-8,0,0,0,0.041863,-3.52584e-20,-4.11376e-18,0,0,-7.4863e-09,-6.5079e-21
4.11486e-06,0,0,0,1e+09,1e+09,1e+09,0,0,0,0,0,0,2,5.5138e-06,0,0.131469,-8,0,0,0,0.0415255,-3.50471e-20,-4.121e-18,0,0,-7.5004e-09,-6.52199e-21
4.12303e-06,0,0,0,1e+09,1e+09,1e+09,0,0,0,0,0,0,2,5.5138e-06,0,0.131469,-8,0,0,0,0.0410997,-3.48445e-20,-4.12856e-18,0,0,-7.51442e-09,-6.53609e-21
4.13119e-06,0,0,0,1e+09,1e+09,1e+09,0,0,0,0,0,0,2,5.5138e-06,0,0.131468,-8,0,0,0,0.040559,-3.46426e-20,-4.13607e-18,0,0,-7.52862e-09,-6.55025e-21
4.13936e-06,0,0,0,1e+09,1e+09,1e+09,0,0,0,0,0,0,2,5.5138e-06,0,0.131468,-8,0,0,0,0.0401132,-3.44343e-20,-4.14355e-18,0,0,-7.54266e-09,-6.56434e-21
4.14752e-06,0,0,0,1e+09,1e+09,1e+09,0,0,0,0,0,0,2,5.5138e-06,0,0.131468,-8,0,0,0,0.0395652,-3.42225e-20,-4.1506e-18,0,0,-7.55663e-09,-6.57847e-21
4.15569e-06,0,0,0,1e+09,1e+09,1e+09,0,0,0,0,0,0,2,5.5138e-06,0,0.131468,-8,0,0,0,0.0392076,-3.40095e-20,-4.15765e-18,0,0,-7.57071e-09,-6.59263e-21
4.16385e-06,0,0,0,1e+09,1e+09,1e+09,0,0,0,0,0,0,2,5.5138e-06,0,0.131468,-8,0,0,0,0.0387948,-3.38023e-20,-4.16554e-18,0,0,-7.58467e-09,-6.60676e-21
4.17202e-06,0,0,0,1e+09,1e+09,1e+09,0,0,0,0,0,0,2,5.5138e-06,0,0.131468,-8,0,0,0,0.0381766,-3.36041e-20,-4.17312e-18,0,0,-7.5987e-09,-6.62085e-21
4.18018e-06,0,0,0,1e+09,1e+09,1e+09,0,0,0,0,0,0,2,5.5138e-06,0,0.131468,-8,0,0,0,0.0378331,-3.34147e-20,-4.17994e-18,0,0,-7.61262e-09,-6.63493e-21
4.18834e-06,0,0,0,1e+09,1e+09,1e+09,0,0,0,0,0,0,2,5.5138e-06,0,0.131468,-8,0,0,0,0.0375238,-3.32399e-20,-4.18716e-18,0,0,-7.62657e-09,-6.64901e-21
4.19651e-06,0,0,0,1e+09,1e+09,1e+09,0,0,0,0,0,0,2,5.5138e-06,0,0.131468,-8,0,0,0,0.0368955,-3.30695e-20,-4.19484e-18,0,0,-7.6405e-09,-6.66309e-21
4.20467e-06,0,0,0,1e+09,1e+09,1e+09,0,0,0,0,0,0,2,5.5138e-06,0,0.131468,-8,0,0,0,0.0364547,-3.28935e-20,-4.20235e-18,0,0,-7.6546e-09,-6.67722e-21
4.21284e-06,0,0,0,1e+09,1e+09,1e+09,0,0,0,0,0,0,2,5.5138e-06,0,0.131468,-8,0,0,0,0.0358697,-3.2718e-20,-4.20945e-18,0,0,-7.66863e-09,-6.69135e-21
4.221e-06,0,0,0,1e+09,1e+09,1e+09,0,0,0,0,0,0,2,5.5138e-06,0,0.131468,-8,0,0,0,0.0355134,-3.2545e-20,-4.21663e-18,0,0,-7.68246e-09,-6.70544e-21
4.22917e-06,0,0,0,1e+09,1e+09,1e+09,0,0,0,0,0,0,2,5.5138e-06,0,0.131468,-8,0,0,0,0.0351936,-3.23784e-20,-4.22395e-18,0,0,-7.69633e-09,-6.7196e-21
4.23733e-06,0,0,0,1e+09,1e+09,1e+09,0,0,0,0,0,0,2,5.5138e-06,0,0.131468,-8,0,0,0,0.0346869,-3.2218e-20,-4.23153e-18,0,0,-7.71024e-09,-6.73374e-21
4.2455e-06,0,0,0,1e+09,1e+09,1e+09,0,0,0,0,0,0,2,5.5138e-06,0,0.131468,-8,0,0,0,0.0344505,-3.20582e-20,-4.23875e-18,0,0,-7.72413e-09,-6.7479e-21
4.25366e-06,0,0,0,1e+09,1e+09,1e+09,0,0,0,0,0,0,2,5.5138e-06,0,0.131468,-8,0,0,0,0.0337581,-3.19084e-20,-4.24618e-18,0,0,-7.73826e-09,-6.76203e-21
4.26182e-06,0,0,0,1e+09,1e+09,1e+09,0,0,0,0,0,0,2,5.5138e-06,0,0.131467,-8,0,0,0,0.0334599,-3.17621e-20,-4.25326e-18,0,0,-7.75222e-09,-6.77613e-21
4.26999e-06,0,0,0,1e+09,1e+09,1e+09,0,0,0,0,0,0,2,5.5138e-06,0,0.131467,-8,0,0,0,0.0330031,-3.16203e-20,-4.26081e-18,0,0,-7.76615e-09,-6.79027e-21
4.27815e-06,0,0,0,1e+09,1e+09,1e+09,0,0,0,0,0,0,2,5.5138e-06,0,0.131467,-8,0,0,0,0.0326694,-3.14771e-20,-4.26819e-18,0,0,-7.78009e-09,-6.8044e-21
4.28632e-06,0,0,0,1e+09,1e+09,1e+09,0,0,0,0,0,0,2,5.5138e-06,0,0.131467,-8,0,0,0,0.0320354,-3.13367e-20,-4.27541e-18,0,0,-7.79397e-09,-6.81859e-21
4.29448e-06,0,0,0,1e+09,1e+09,1e+09,0,0,0,0,0,0,2,5.5138e-06,0,0.131467,-8,0,0,0,0.0315711,-3.11957e-20,-4.28268e-18,0,0,-7.80778e-09,-6.83277e-21
4.30265e-06,0,0,0,1e+09,1e+09,1e+09,0,0,0,0,0,0,2,5.5138e-06,0,0.131467,-8,0,0,0,0.0311049,-3.10593e-20,-4.29001e-18,0,0,-7.82167e-09,-6.84698e-21
4.31081e-06,0,0,0,1e+09,1e+09,1e+09,0,0,0,0,0,0,2,5.5138e-06,0,0.131467,-8,0,0,0,0.0306732,-3.09281e-20,-4.29726e-18,0,0,-7.8356e-09,-6.86117e-21
4.31897e-06,0,0,0,1e+09,1e+09,1e+09,0,0,0,0,0,0,2,5.5138e-06,0,0.131467,-8,0,0,0,0.0302243,-3.08014e-20,-4.30457e-18,0,0,-7.84951e-09,-6.87531e-21
4.32714e-06,0,0,0,1e+09,1e+09,1e+09,0,0,0,0,0,0,2,5.5138e-06,0,0.131467,-8,0,0,0,0.0298229,-3.06765e-20,-4.31196e-18,0,0,-7.86342e-09,-6.88946e-21
4.3353e-06,0,0,0,1e+09,1e+09,1e+09,0,0,0,0,0,0,2,5.5138e-06,0,0.131467,-8,0,0,0,0.029375,-3.055e-20,-4.31903e-18,0,0,-7.87727e-09,-6.90365e-21
4.34347e-06,0,0,0,1e+09,1e+09,1e+09,0,0,0,0,0,0,2,5.5138e-06,0,0.131467,-8,0,0,0,0.0288148,-3.04284e-20,-4.32665e-18,0,0,-7.89122e-09,-6.91784e-21
4.35163e-06,0,0,0,1e+09,1e+09,1e+09,0,0,0,0,0,0,2,5.5138e-06,0,0.131467,-8,0,0,0,0.0281252,-3.03086e-20,-4.33418e-18,0,0,-7.90526e-09,-6.93205e-21
4.3598e-06,0,0,0,1e+09,1e+09,1e+09,0,0,0,0,0,0,2,5.5138e-06,0,0.131467,-8,0,0,0,0.027835,-3.01896e-20,-4.34104e-18,0,0,-7.91929e-09,-6.9462e-21
4.36796e-06,0,0,0,1e+09,1e+09,1e+09,0,0,0,0,0,0,2,5.5138e-06,0,0.131467,-8,0,0,0,0.0273965,-3.00815e-20,-4.34822e-18,0,0,-7.93321e-09,-6.96032e-21
4.37613e-06,0,0,0,1e+09,1e+09,1e+09,0,0,0,0,0,0,2,5.5138e-06,0,0.131467,-8,0,0,0,0.0269828,-2.99801e-20,-4.3561e-18,0,0,-7.94721e-09,-6.97445e-21
4.38429e-06,0,0,0,1e+09,1e+09,1e+09,0,0,0,0,0,0,2,5.5138e-06,0,0.131466,-8,0,0,0,0.0264447,-2.98815e-20,-4.36334e-18,0,0,-7.96144e-09,-6.98862e-21
4.39245e-06,0,0,0,1e+09,1e+09,1e+09,0,0,0,0,0,0,2,5.5138e-06,0,0.131466,-8,0,0,0,0.0259385,-2.97954e-20,-4.37061e-18,0,0,-7.97549e-09,-7.0027e-21
4.40062e-06,0,0,0,1e+09,1e+09,1e+09,0,0,0,0,0,0,2,5.5138e-06,0,0.131466,-8,0,0,0,0.0256385,-2.97075e-20,-4.37778e-18,0,0,-7.98953e-09,-7.01682e-21
4.40878e-06,0,0,0,1e+09,1e+09,1e+09,0,0,0,0,0,0,2,5.5138e-06,0,0.131466,-8,0,0,0,0.0252338,-2.96257e-20,-4.38518e-18,0,0,-8.0035e-09,-7.03084e-21
4.41695e-06,0,0,0,1e+09,1e+09,1e+09,0,0,0,0,0,0,2,5.5138e-06,0,0.131466,-8,0,0,0,0.0247028,-2.95507e-20,-4.39285e-18,0,0,-8.0175e-09,-7.04492e-21
4.42511e-06,0,0,0,1e+09,1e+09,1e+09,0,0,0,0,0,0,2,5.5138e-06,0,0.131466,-8,0,0,0,0.0243374,-2.94761e-20,-4.4001e-18,0,0,-8.03154e-09,-7.05898e-21
4.43328e-06,0,0,0,1e+09,1e+09,1e+09,0,0,0,0,0,0,2,5.5138e-06,0,0.131466,-8,0,0,0,0.0239366,-2.94085e-20,-4.4075e-18,0,0,-8.04556e-09,-7.07304e-21
4.44144e-06,0,0,0,1e+09,1e+09,1e+09,0,0,0,0,0,0,2,5.5138e-06,0,0.131466,-8,0,0,0,0.0235423,-2.93432e-20,-4.41511e-18,0,0,-8.05965e-09,-7.08714e-21
4.44961e-06,0,0,0,1e+09,1e+09,1e+09,0,0,0,0,0,0,2,5.5138e-06,0,0.131466,-8,0,0,0,0.0231493,-2.92682e-20,-4.42216e-18,0,0,-8.07376e-09,-7.10121e-21
4.45777e-06,0,0,0,1e+09,1e+09,1e+09,0,0,0,0,0,0,2,5.5138e-06,0,0.131466,-8,0,0,0,0.0228342,-2.91915e-20,-4.42928e-18,0,0,-8.08769e-09,-7.11527e-21
4.46593e-06,0,0,0,1e+09,1e+09,1e+09,0,0,0,0,0,0,2,5.5138e-06,0,0.131466,-8,0,0,0,0.0223834,-2.91132e-20,-4.43717e-18,0,0,-8.10169e-09,-7.12934e-21
4.4741e-06,0,0,0,1e+09,1e+09,1e+09,0,0,0,0,0,0,2,5.5138e-06,0,0.131466,-8,0,0,0,0.0218684,-2.90278e-20,-4.44492e-18,0,0,-8.11597e-09,-7.14348e-21
4.48226e-06,0,0,0,1e+09,1e+09,1e+09,0,0,0,0,0,0,2,5.5138e-06,0,0.131466,-8,0,0,0,0.0213318,-2.89375e-20,-4.45197e-18,0,0,-8.13012e-09,-7.15763e-21
4.49043e-06,0,0,0,1e+09,1e+09,1e+09,0,0,0,0,0,0,2,5.5138e-06,0,0.131466,-8,0,0,0,0.0210098,-2.88457e-20,-4.45943e-18,0,0,-8.1443e-09,-7.17174e-21
4.49859e-06,0,0,0,1e+09,1e+09,1e+09,0,0,0,0,0,0,2,5.5138e-06,0,0.131466,-8,0,0,0,0.0204536,-2.87639e-20,-4.46691e-18,0,0,-8.15828e-09,-7.1859e-21
4.50676e-06,0,0,0,1e+09,1e+09,1e+09,0,0,0,0,0,0,2,5.5138e-06,0,0.131465,-8,0,0,0,0.0200401,-2.86931e-20,-4.47437e-18,0,0,-8.17229e-09,-7.20009e-21
4.51492e-06,0,0,0,1e+09,1e+09,1e+09,0,0,0,0,0,0,2,5.5138e-06,0,0.131465,-8,0,0,0,0.0196325,-2.86243e-20,-4.48211e-18,0,0,-8.18638e-09,-7.21418e-21
4.52309e-06,0,0,0,1e+09,1e+09,1e+09,0,0,0,0,0,0,2,5.5138e-06,0,0.131465,-8,0,0,0,0.0190955,-2.85614e-20,-4.48965e-18,0,0,-8.20047e-09,-7.22824e-21
4.53125e-06,0,0,0,1e+09,1e+09,1e+09,0,0,0,0,0,0,2,5.5138e-06,0,0.131465,-8,0,0,0,0.0188457,-2.85049e-20,-4.49697e-18,0,0,-8.21455e-09,-7.24237e-21
4.53941e-06,0,0,0,1e+09,1e+09,1e+09,0,0,0,0,0,0,2,5.5138e-06,0,0.131465,-8,0,0,0,0.0183401,-2.84514e-20,-4.50436e-18,0,0,-8.22854e-09,-7.2565e-21
4.54758e-06,0,0,0,1e+09,1e+09,1e+09,0,0,0,0,0,0,2,5.5138e-06,0,0.131465,-8,0,0,0,0.0180427,-2.84002e-20,-4.51174e-18,0,0,-8.24261e-09,-7.27067e-21
4.55574e-06,0,0,0,1e+09,1e+09,1e+09,0,0,0,0,0,0,2,5.5138e-06,0,0.131465,-8,0,0,0,0.0175223,-2.83551e-20,-4.51909e-18,0,0,-8.25659e-09,-7.28477e-21
4.56391e-06,0,0,0,1e+09,1e+09,1e+09,0,0,0,0,0,0,2,5.5138e-06,0,0.131465,-8,0,0,0,0.0172213,-2.83176e-20,-4.52676e-18,0,0,-8.27061e-09,-7.29887e-21
4.57207e-06,0,0,0,1e+09,1e+09,1e+09,0,0,0,0,0,0,2,5.5138e-06,0,0.131465,-8,0,0,0,0.0166507,-2.82881e-20,-4.53468e-18,0,0,-8.28477e-09,-7.31295e-21
4.58024e-06,0,0,0,1e+09,1e+09,1e+09,0,0,0,0,0,0,2,5.5138e-06,0,0.131465,-8,0,0,0,0.016309,-2.82551e-20,-4.54217e-18,0,0,-8.2989e-09,-7.32706e-21
4.5884e-06,0,0,0,1e+09,1e+09,1e+09,0,0,0,0,0,0,2,5.5138e-06,0,0.131465,-8,0,0,0,0.0156429,-2.82146e-20,-4.54917e-18,0,0,-8.31292e-09,-7.3412e-21
4.59656e-06,0,0,0,1e+09,1e+09,1e+09,0,0,0,0,0,0,2,5.5138e-06,0,0.131465,-8,0,0,0,0.0156,-2.81758e-20,-4.55665e-18,0,0,-8.32684e-09,-7.35534e-21
4.60473e-06,0,0,0,1e+09,1e+09,1e+09,0,0,0,0,0,0,2,5.5138e-06,0,0.131465,-8,0,0,0,0.0150591,-2.81456e-20,-4.56417e-18,0,0,-8.3409e-09,-7.3695e-21
4.61289e-06,0,0,0,1e+09,1e+09,1e+09,0,0,0,0,0,0,2,5.5138e-06,0,0.131465,-8,0,0,0,0.0146316,-2.81121e-20,-4.57193e-18,0,0,-8.35497e-09,-7.38363e-21
4.62106e-06,0,0,0,1e+09,1e+09,1e+09,0,0,0,0,0,0,2,5.5138e-06,0,0.131465,-8,0,0,0,0.0142537,-2.80721e-20,-4.57941e-18,0,0,-8.369e-09,-7.39773e-21
4.62922e-06,0,0,0,1e+09,1e+09,1e+09,0,0,0,0,0,0,2,5.5138e-06,0,0.131465,-8,0,0,0,0.0136689,-2.80282e-20,-4.58686e-18,0,0,-8.38306e-09,-7.41184e-21
4.63739e-06,0,0,0,1e+09,1e+09,1e+09,0,0,0,0,0,0,2,5.5138e-06,0,0.131464,-8,0,0,0,0.0133224,-2.79879e-20,-4.59483e-18,0,0,-8.39709e-09,-7.42602e-21
4.64555e-06,0,0,0,1e+09,1e+09,1e+09,0,0,0,0,0,0,2,5.5138e-06,0,0.131464,-8,0,0,0,0.0127838,-2.79506e-20,-4.60226e-18,0,0,-8.41116e-09,-7.44024e-21
4.65372e-06,0,0,0,1e+09,1e+09,1e+09,0,0,0,0,0,0,2,5.5138e-06,0,0.131464,-8,0,0,0,0.0125229,-2.79215e-20,-4.60938e-18,0,0,-8.42505e-09,-7.45448e-21
4.66188e-06,0,0,0,1e+09,1e+09,1e+09,0,0,0,0,0,0,2,5.5138e-06,0,0.131464,-8,0,0,0,0.0121607,-2.79104e-20,-4.61743e-18,0,0,-8.43884e-09,-7.46872e-21
4.67004e-06,0,0,0,1e+09,1e+09,1e+09,0,0,0,0,0,0,2,5.5138e-06,0,0.131464,-8,0,0,0,0.0119848,-2.79113e-20,-4.62504e-18,0,0,-8.45275e-09,-7.48291e-21
4.67821e-06,0,0,0,1e+09,1e+09,1e+09,0,0,0,0,0,0,2,5.5138e-06,0,0.131464,-8,0,0,0,0.0114009,-2.7915e-20,-4.63216e-18,0,0,-8.46657e-09,-7.4971e-21
4.68637e-06,0,0,0,1e+09,1e+09,1e+09,0,0,0,0,0,0,2,5.5138e-06,0,0.131464,-8,0,0,0,0.0113699,-2.79184e-20,-4.63993e-18,0,0,-8.48038e-09,-7.51126e-21
4.69454e-06,0,0,0,1e+09,1e+09,1e+09,0,0,0,0,0,0,2,5.5138e-06,0,0.131464,-8,0,0,0,0.0109044,-2.79111e-20,-4.64729e-18,0,0,-8.49413e-09,-7.52543e-21
4.7027e-06,0,0,0,1e+09,1e+09,1e+09,0,0,0,0,0,0,2,5.5138e-06,0,0.131464,-8,0,0,0,0.0103593,-2.78966e-20,-4.65434e-18,0,0,-8.50781e-09,-7.53961e-21
4.71087e-06,0,0,0,1e+09,1e+09,1e+09,0,0,0,0,0,0,2,5.5138e-06,0,0.131464,-8,0,0,0,0.0101488,-2.78867e-20,-4.66259e-18,0,0,-8.52159e-09,-7.55373e-21
4.71903e-06,0,0,0,1e+09,1e+09,1e+09,0,0,0,0,0,0,2,5.5138e-06,0,0.131464,-8,0,0,0,0.00971849,-2.78772e-20,-4.66999e-18,0,0,-8.53538e-09,-7.56794e-21
4.7272e-06,0,0,0,1e+09,1e+09,1e+09,0,0,0,0,0,0,2,5.5138e-06,0,0.131464,-8,0,0,0,0.00934444,-2.787e-20,-4.67723e-18,0,0,-8.54915e-09,-7.58217e-21
4.73536e-06,0,0,0,1e+09,1e+09,1e+09,0,0,0,0,0,0,2,5.5138e-06,0,0.131464,-8,0,0,0,0.0087688,-2.78639e-20,-4.6852e-18,0,0,-8.56283e-09,-7.59636e-21
4.74352e-06,0,0,0,1e+09,1e+09,1e+09,0,0,0,0,0,0,2,5.5138e-06,0,0.131464,-8,0,0,0,0.00847447,-2.78562e-20,-4.69236e-18,0,0,-8.57639e-09,-7.6105e-21
4.75169e-06,0,0,0,1e+09,1e+09,1e+09,0,0,0,0,0,0,2,5.5138e-06,0,0.131464,-8,0,0,0,0.00800425,-2.78468e-20,-4.69969e-18,0,0,-8.58992e-09,-7.62468e-21
4.75985e-06,0,0,0,1e+09,1e+09,1e+09,0,0,0,0,0,0,2,5.5138e-06,0,0.131463,-8,0,0,0,0.00750178,-2.78365e-20,-4.70755e-18,0,0,-8.60357e-09,-7.63883e-21
4.76802e-06,0,0,0,1e+09,1e+09,1e+09,0,0,0,0,0,0,2,5.5138e-06,0,0.131463,-8,0,0,0,0.00731559,-2.78245e-20,-4.71474e-18,0,0,-8.61714e-09,-7.65297e-21
4.77618e-06,0,0,0,1e+09,1e+09,1e+09,0,0,0,0,0,0,2,5.5138e-06,0,0.131463,-8,0,0,0,0.00699948,-2.78171e-20,-4.72222e-18,0,0,-8.63065e-09,-7.66715e-21
4.78435e-06,0,0,0,1e+09,1e+09,1e+09,0,0,0,0,0,0,2,5.5138e-06,0,0.131463,-8,0,0,0,0.00666417,-2.7805e-20,-4.72956e-18,0,0,-8.64408e-09,-7.68132e-21
4.79251e-06,0,0,0,1e+09,1e+09,1e+09,0,0,0,0,0,0,2,5.5138e-06,0,0.131463,-8,0,0,0,0.00604976,-2.77946e-20,-4.7371e-18,0,0,-8.65759e-09,-7.69552e-21
4.80068e-06,0,0,0,1e+09,1e+09,1e+09,0,0,0,0,0,0,2,5.5138e-06,0,0.131463,-8,0,0,0,0.00576681,-2.77831e-20,-4.74468e-18,0,0,-8.67108e-09,-7.7098e-21
4.80884e-06,0,0,0,1e+09,1e+09,1e+09,0,0,0,0,0,0,2,5.5138e-06,0,0.131463,-8,0,0,0,0.0055616,-2.77685e-20,-4.75182e-18,0,0,-8.68443e-09,-7.72396e-21
4.817e-06,0,0,0,1e+09,1e+09,1e+09,0,0,0,0,0,0,2,5.5138e-06,0,0.131463,-8,0,0,0,0.00485457,-2.77613e-20,-4.75927e-18,0,0,-8.69787e-09,-7.73817e-21
4.82517e-06,0,0,0,1e+09,1e+09,1e+09,0,0,0,0,0,0,2,5.5138e-06,0,0.131463,-8,0,0,0,0.00481679,-2.77664e-20,-4.76673e-18,0,0,-8.7112e-09,-7.7524e-21
4.83333e-06,0,0,0,1e+09,1e+09,1e+09,0,0,0,0,0,0,2,5.5138e-06,0,0.131463,-8,0,0,0,0.00421941,-2.77755e-20,-4.77431e-18,0,0,-8.72454e-09,-7.76668e-21
4.8415e-06,0,0,0,1e+09,1e+09,1e+09,0,0,0,0,0,0,2,5.5138e-06,0,0.131463,-8,0,0,0,0.00407191,-2.77796e-20,-4.7814e-18,0,0,-8.7378e-09,-7.7809e-21
4.84966e-06,0,0,0,1e+09,1e+09,1e+09,0,0,0,0,0,0,2,5.5138e-06,0,0.131463,-8,0,0,0,0.00367791,-2.77806e-20,-4.7884e-18,0,0,-8.75097e-09,-7.79506e-21
4.85783e-06,0,0,0,1e+09,1e+09,1e+09,0,0,0,0,0,0,2,5.5138e-06,0,0.131463,-8,0,0,0,0.00343123,-2.77911e-20,-4.7963e-18,0,0,-8.76422e-09,-7.80928e-21
4.86599e-06,0,0,0,1e+09,1e+09,1e+09,0,0,0,0,0,0,2,5.5138e-06,0,0.131463,-8,0,0,0,0.00293604,-2.78032e-20,-4.80355e-18,0,0,-8.77734e-09,-7.82345e-21
4.87415e-06,0,0,0,1e+09,1e+09,1e+09,0,0,0,0,0,0,2,5.5138e-06,0,0.131463,-8,0,0,0,0.00284022,-2.78138e-20,-4.81051e-18,0,0,-8.79063e-09,-7.83764e-21
4.88232e-06,0,0,0,1e+09,1e+09,1e+09,0,0,0,0,0,0,2,5.5138e-06,0,0.131462,-8,0,0,0,0.00239512,-2.78257e-20,-4.81805e-18,0,0,-8.80368e-09,-7.85179e-21
4.89048e-06,0,0,0,1e+09,1e+09,1e+09,0,0,0,0,0,0,2,5.5138e-06,0,0.131462,-8,0,0,0,0.00214861,-2.78396e-20,-4.82551e-18,0,0,-8.81675e-09,-7.86594e-21
4.89865e-06,0,0,0,1e+09,1e+09,1e+09,0,0,0,0,0,0,2,5.5138e-06,0,0.131462,-8,0,0,0,0.00170197,-2.78538e-20,-4.83261e-18,0,0,-8.82984e-09,-7.88009e-21
4.90681e-06,0,0,0,1e+09,1e+09,1e+09,0,0,0,0,0,0,2,5.5138e-06,0,0.131462,-8,0,0,0,0.00145757,-2.7864e-20,-4.83968e-18,0,0,-8.84286e-09,-7.89431e-21
4.91498e-06,0,0,0,1e+09,1e+09,1e+09,0,0,0,0,0,0,2,5.5138e-06,0,0.131462,-8,0,0,0,0.00105892,-2.7878e-20,-4.84705e-18,0,0,-8.85591e-09,-7.90848e-21
4.92314e-06,0,0,0,1e+09,1e+09,1e+09,0,0,0,0,0,0,2,5.5138e-06,0,0.131462,-8,0,0,0,0.000698718,-2.78974e-20,-4.85455e-18,0,0,-8.86874e-09,-7.92274e-21
4.93131e-06,0,0,0,1e+09,1e+09,1e+09,0,0,0,0,0,0,2,5.5138e-06,0,0.131462,-8,0,0,0,0.000398702,-2.7913e-20,-4.86174e-18,0,0,-8.88172e-09,-7.93697e-21
4.93947e-06,0,0,0,1e+09,1e+09,1e+09,0,0,0,0,0,0,2,5.5138e-06,0,0.131462,-8,0,0,0,6.28761e-05,-2.79236e-20,-4.86886e-18,0,0,-8.8947e-09,-7.9512e-21
4.94763e-06,0,0,0,1e+09,1e+09,1e+09,0,0,0,0,0,0,2,5.5138e-06,0,0.131462,-8,0,0,0,-0.000274032,-2.79276e-20,-4.87622e-18,0,0,-8.90768e-09,-7.96532e-21
4.9558e-06,0,0,0,1e+09,1e+09,1e+09,0,0,0,0,0,0,2,5.5138e-06,0,0.131462,-8,0,0,0,-0.000429435,-2.7925e-20,-4.88345e-18,0,0,-8.9207e-09,-7.97939e-21
4.96396e-06,0,0,0,1e+09,1e+09,1e+09,0,0,0,0,0,0,2,5.5138e-06,0,0.131462,-8,0,0,0,-0.000731904,-2.79191e-20,-4.89033e-18,0,0,-8.9334e-09,-7.99351e-21
4.97213e-06,0,0,0,1e+09,1e+09,1e+09,0,0,0,0,0,0,2,5.5138e-06,0,0.131462,-8,0,0,0,-0.00112986,-2.79224e-20,-4.89795e-18,0,0,-8.94619e-09,-8.00767e-21
4.98029e-06,0,0,0,1e+09,1e+09,1e+09,0,0,0,0,0,0,2,5.5138e-06,0,0.131462,-8,0,0,0,-0.00132379,-2.79335e-20,-4.90549e-18,0,0,-8.95918e-09,-8.02186e-21
4.98846e-06,0,0,0,1e+09,1e+09,1e+09,0,0,0,0,0,0,2,5.5138e-06,0,0.131462,-8,0,0,0,-0.00182989,-2.79523e-20,-4.91215e-18,0,0,-8.97206e-09,-8.03609e-21
4.99662e-06,0,0,0,1e+09,1e+09,1e+09,0,0,0,0,0,0,2,5.5138e-06,0,0.131462,-8,0,0,0,-0.00197968,-2.79838e-20,-4.91943e-18,0,0,-8.98471e-09,-8.05021e-21
5.00479e-06,0,0,0,1e+09,1e+09,1e+09,0,0,0,0,0,0,2,5.5138e-06,0,0.131462,-8,0,0,0,-0.0021344,-2.80161e-20,-4.92709e-18,0,0,-8.99751e-09,-8.06437e-21
5.01295e-06,0,0,0,1e+09,1e+09,1e+09,0,0,0,0,0,0,2,5.5138e-06,0,0.131461