t,gripFz,sigma,sigmaPeak,nBroken
0,0,0,0,0
1.95286e-07,-201.142,125714,125714,0
3.90573e-07,-421.912,263695,263695,0
5.85859e-07,-628.563,392852,392852,0
7.81145e-07,-824.861,515538,515538,0
9.76432e-07,-1010.7,631685,631685,0
1.17172e-06,-1185.05,740654,740654,0
1.367e-06,-1345.82,841140,841140,0
1.56229e-06,-1487.63,929770,929770,0
1.75758e-06,-1604.24,1.00265e+06,1.00265e+06,0
1.95286e-06,-1694.21,1.05888e+06,1.05888e+06,0
2.14815e-06,-1762.27,1.10142e+06,1.10142e+06,0
2.34344e-06,-1813.5,1.13344e+06,1.13344e+06,0
2.53872e-06,-1849.79,1.15612e+06,1.15612e+06,0
2.73401e-06,-1871.9,1.16994e+06,1.16994e+06,0
2.9293e-06,-1878.9,1.17431e+06,1.17434e+06,0
3.12458e-06,-1868.91,1.16807e+06,1.17434e+06,0
3.31987e-06,-1844.2,1.15262e+06,1.17434e+06,0
3.51515e-06,-1811.78,1.13236e+06,1.17434e+06,0
3.71044e-06,-1779.59,1.11224e+06,1.17434e+06,0
3.90573e-06,-1748.73,1.09296e+06,1.17434e+06,0
4.10101e-06,-1718.65,1.07416e+06,1.17434e+06,0
4.2963e-06,-1692.25,1.05765e+06,1.17434e+06,0
4.49159e-06,-1681.89,1.05118e+06,1.17434e+06,0
4.68687e-06,-1688.73,1.05545e+06,1.17434e+06,0
4.88216e-06,-1708.32,1.0677e+06,1.17434e+06,0
5.07745e-06,-1743.41,1.08963e+06,1.17434e+06,0
5.27273e-06,-1785.57,1.11598e+06,1.17434e+06,0
5.46802e-06,-1826.93,1.14183e+06,1.17434e+06,0
5.6633e-06,-1866.7,1.16669e+06,1.17434e+06,0
5.85859e-06,-1904.75,1.19047e+06,1.19047e+06,0
6.05388e-06,-1937.82,1.21114e+06,1.21114e+06,0
6.24916e-06,-1963.6,1.22725e+06,1.22725e+06,0
6.44445e-06,-1980.74,1.23797e+06,1.23797e+06,0
6.63974e-06,-1987.78,1.24236e+06,1.24236e+06,0
6.83502e-06,-1985.85,1.24116e+06,1.24251e+06,0
7.03031e-06,-1978.19,1.23637e+06,1.24251e+06,0
7.2256e-06,-1967.21,1.22951e+06,1.24251e+06,0
7.42088e-06,-1954.75,1.22172e+06,1.24251e+06,0
7.61617e-06,-1941.12,1.2132e+06,1.24251e+06,0
7.81145e-06,-1926,1.20375e+06,1.24251e+06,0
8.00674e-06,-1912.97,1.19561e+06,1.24251e+06,0
8.20203e-06,-1909.83,1.19364e+06,1.24251e+06,0
8.39731e-06,-1915.85,1.19741e+06,1.24251e+06,0
8.5926e-06,-1929.55,1.20597e+06,1.24251e+06,0
8.78789e-06,-1952.33,1.22021e+06,1.24251e+06,0
8.98317e-06,-1979.91,1.23744e+06,1.24251e+06,0
9.17846e-06,-2008.13,1.25508e+06,1.25508e+06,0
9.37375e-06,-2035.4,1.27213e+06,1.27213e+06,0
9.56903e-06,-2060.51,1.28782e+06,1.28782e+06,0
9.76432e-06,-2082.23,1.30139e+06,1.30139e+06,0
9.9596e-06,-2099.67,1.31229e+06,1.31229e+06,0
1.01549e-05,-2111.79,1.31987e+06,1.31987e+06,0
1.03502e-05,-2117.99,1.32374e+06,1.32374e+06,0
1.05455e-05,-2118.94,1.32434e+06,1.32446e+06,0
1.07408e-05,-2115.62,1.32226e+06,1.32446e+06,0
1.0936e-05,-2109.02,1.31814e+06,1.32446e+06,0
1.11313e-05,-2100.49,1.31281e+06,1.32446e+06,0
1.13266e-05,-2091.28,1.30705e+06,1.32446e+06,0
1.15219e-05,-2083.02,1.30189e+06,1.32446e+06,0
1.17172e-05,-2077.99,1.29874e+06,1.32446e+06,0
1.19125e-05,-2078.28,1.29892e+06,1.32446e+06,0
1.21078e-05,-2085.66,1.30354e+06,1.32446e+06,0
1.2303e-05,-2100.21,1.31263e+06,1.32446e+06,0
1.24983e-05,-2119.24,1.32452e+06,1.32452e+06,0
1.26936e-05,-2140.18,1.33761e+06,1.33761e+06,0
1.28889e-05,-2161.95,1.35122e+06,1.35122e+06,0
1.30842e-05,-2183.08,1.36442e+06,1.36442e+06,0
1.32795e-05,-2202.32,1.37645e+06,1.37645e+06,0
1.34748e-05,-2218.62,1.38664e+06,1.38664e+06,0
1.367e-05,-2231.08,1.39442e+06,1.39442e+06,0
1.38653e-05,-2239.21,1.39951e+06,1.39951e+06,0
1.40606e-05,-2243.09,1.40193e+06,1.40193e+06,0
1.42559e-05,-2243.26,1.40204e+06,1.40225e+06,0
1.44512e-05,-2240.48,1.4003e+06,1.40225e+06,0
1.46465e-05,-2235.75,1.39735e+06,1.40225e+06,0
1.48418e-05,-2229.98,1.39374e+06,1.40225e+06,0
1.50371e-05,-2223.82,1.38989e+06,1.40225e+06,0
1.52323e-05,-2218.56,1.3866e+06,1.40225e+06,0
1.54276e-05,-2216.47,1.38529e+06,1.40225e+06,0
1.56229e-05,-2219.59,1.38724e+06,1.40225e+06,0
1.58182e-05,-2227.5,1.39218e+06,1.40225e+06,0
1.60135e-05,-2239.87,1.39992e+06,1.40225e+06,0
1.62088e-05,-2255.98,1.40999e+06,1.40999e+06,0
1.64041e-05,-2273.38,1.42086e+06,1.42086e+06,0
1.65993e-05,-2290.45,1.43153e+06,1.43153e+06,0
1.67946e-05,-2306.37,1.44148e+06,1.44148e+06,0
1.69899e-05,-2320.47,1.4503e+06,1.4503e+06,0
1.71852e-05,-2332.41,1.45776e+06,1.45776e+06,0
1.73805e-05,-2341.79,1.46362e+06,1.46362e+06,0
1.75758e-05,-2348.13,1.46758e+06,1.46758e+06,0
1.77711e-05,-2351.2,1.4695e+06,1.4695e+06,0
1.79663e-05,-2351.28,1.46955e+06,1.46974e+06,0
1.81616e-05,-2349.03,1.46814e+06,1.46974e+06,0
1.83569e-05,-2345.34,1.46584e+06,1.46974e+06,0
1.85522e-05,-2341.26,1.46329e+06,1.46974e+06,0
1.87475e-05,-2337.76,1.4611e+06,1.46974e+06,0
1.89428e-05,-2335.5,1.45969e+06,1.46974e+06,0
1.91381e-05,-2336.07,1.46004e+06,1.46974e+06,0
1.93334e-05,-2341.13,1.46321e+06,1.46974e+06,0
1.95286e-05,-2350.25,1.46891e+06,1.46974e+06,0
1.97239e-05,-2362.49,1.47656e+06,1.47656e+06,0
1.99192e-05,-2376.41,1.48526e+06,1.48526e+06,0
2.01145e-05,-2390.7,1.49419e+06,1.49419e+06,0
2.03098e-05,-2404.57,1.50286e+06,1.50286e+06,0
2.05051e-05,-2417.45,1.51091e+06,1.51091e+06,0
2.07004e-05,-2428.84,1.51803e+06,1.51803e+06,0
2.08956e-05,-2438.19,1.52387e+06,1.52387e+06,0
2.10909e-05,-2444.95,1.5281e+06,1.5281e+06,0
2.12862e-05,-2449,1.53063e+06,1.53063e+06,0
2.14815e-05,-2450.54,1.53159e+06,1.53159e+06,0
2.16768e-05,-2450.09,1.53131e+06,1.53162e+06,0
2.18721e-05,-2448.4,1.53025e+06,1.53162e+06,0
2.20674e-05,-2446.16,1.52885e+06,1.53162e+06,0
2.22626e-05,-2443.91,1.52744e+06,1.53162e+06,0
2.24579e-05,-2442.17,1.52636e+06,1.53162e+06,0
2.26532e-05,-2442.31,1.52645e+06,1.53162e+06,0
2.28485e-05,-2446.36,1.52898e+06,1.53162e+06,0
2.30438e-05,-2454.18,1.53386e+06,1.53386e+06,0
2.32391e-05,-2465.12,1.5407e+06,1.5407e+06,0
2.34344e-05,-2478.84,1.54927e+06,1.54927e+06,0
2.36297e-05,-2493.5,1.55844e+06,1.55844e+06,0
2.38249e-05,-2507.88,1.56743e+06,1.56743e+06,0
2.40202e-05,-2521.66,1.57604e+06,1.57604e+06,0
2.42155e-05,-2534.64,1.58415e+06,1.58415e+06,0
2.44108e-05,-2546.63,1.59164e+06,1.59164e+06,0
2.46061e-05,-2557.76,1.5986e+06,1.5986e+06,0
2.48014e-05,-2568.59,1.60537e+06,1.60537e+06,0
2.49967e-05,-2580.63,1.61289e+06,1.61289e+06,0
2.51919e-05,-2596.42,1.62276e+06,1.62276e+06,0
2.53872e-05,-2617.79,1.63612e+06,1.63612e+06,0
2.55825e-05,-2645.86,1.65366e+06,1.65366e+06,0
2.57778e-05,-2681.01,1.67563e+06,1.67563e+06,0
2.59731e-05,-2721.85,1.70116e+06,1.70116e+06,0
2.61684e-05,-2766.17,1.72886e+06,1.72886e+06,0
2.63637e-05,-2811.82,1.75739e+06,1.75739e+06,0
2.65589e-05,-2857.27,1.78579e+06,1.78579e+06,0
2.67542e-05,-2901.79,1.81362e+06,1.81362e+06,0
2.69495e-05,-2944.94,1.84059e+06,1.84059e+06,0
2.71448e-05,-2986.5,1.86656e+06,1.86656e+06,0
2.73401e-05,-3026.49,1.89155e+06,1.89155e+06,0
2.75354e-05,-3065.07,1.91567e+06,1.91567e+06,0
2.77307e-05,-3102.42,1.93901e+06,1.93901e+06,0
2.7926e-05,-3138.56,1.9616e+06,1.9616e+06,0
2.81212e-05,-3173.5,1.98344e+06,1.98344e+06,0
2.83165e-05,-3207.28,2.00455e+06,2.00455e+06,0
2.85118e-05,-3240.01,2.02501e+06,2.02501e+06,0
2.87071e-05,-3271.84,2.0449e+06,2.0449e+06,0
2.89024e-05,-3302.84,2.06427e+06,2.06427e+06,0
2.90977e-05,-3332.99,2.08312e+06,2.08312e+06,0
2.9293e-05,-3362.17,2.10136e+06,2.10136e+06,0
2.94882e-05,-3390.19,2.11887e+06,2.11887e+06,0
2.96835e-05,-3416.91,2.13557e+06,2.13557e+06,0
2.98788e-05,-3442.18,2.15136e+06,2.15136e+06,0
3.00741e-05,-3465.81,2.16613e+06,2.16613e+06,0
3.02694e-05,-3487.58,2.17974e+06,2.17974e+06,0
3.04647e-05,-3507.26,2.19204e+06,2.19204e+06,0
3.066e-05,-3524.62,2.20289e+06,2.20289e+06,0
3.08552e-05,-3539.56,2.21223e+06,2.21223e+06,0
3.10505e-05,-3552.13,2.22008e+06,2.22008e+06,0
3.12458e-05,-3562.53,2.22658e+06,2.22658e+06,0
3.14411e-05,-3570.99,2.23187e+06,2.23187e+06,0
3.16364e-05,-3577.79,2.23612e+06,2.23612e+06,0
3.18317e-05,-3583.24,2.23952e+06,2.23952e+06,0
3.2027e-05,-3587.77,2.24236e+06,2.24236e+06,0
3.22223e-05,-3592.26,2.24516e+06,2.24516e+06,0
3.24175e-05,-3597.68,2.24855e+06,2.24855e+06,0
3.26128e-05,-3605.01,2.25313e+06,2.25313e+06,0
3.28081e-05,-3615.23,2.25952e+06,2.25952e+06,0
3.30034e-05,-3629.27,2.26829e+06,2.26829e+06,0
3.31987e-05,-3647.34,2.27959e+06,2.27959e+06,0
3.3394e-05,-3668.88,2.29305e+06,2.29305e+06,0
3.35893e-05,-3693.01,2.30813e+06,2.30813e+06,0
3.37845e-05,-3718.46,2.32404e+06,2.32404e+06,0
3.39798e-05,-3744,2.34e+06,2.34e+06,0
3.41751e-05,-3768.83,2.35552e+06,2.35552e+06,0
3.43704e-05,-3792.32,2.3702e+06,2.3702e+06,0
3.45657e-05,-3814.05,2.38378e+06,2.38378e+06,0
3.4761e-05,-3833.6,2.396e+06,2.396e+06,0
3.49563e-05,-3850.69,2.40668e+06,2.40668e+06,0
3.51515e-05,-3865.25,2.41578e+06,2.41578e+06,0
3.53468e-05,-3877.37,2.42336e+06,2.42336e+06,0
3.55421e-05,-3887.33,2.42958e+06,2.42958e+06,0
3.57374e-05,-3895.64,2.43478e+06,2.43478e+06,0
3.59327e-05,-3902.91,2.43932e+06,2.43932e+06,0
3.6128e-05,-3909.72,2.44357e+06,2.44357e+06,0
3.63233e-05,-3916.75,2.44797e+06,2.44797e+06,0
3.65186e-05,-3924.83,2.45302e+06,2.45302e+06,0
3.67138e-05,-3934.81,2.45926e+06,2.45926e+06,0
3.69091e-05,-3947.34,2.46709e+06,2.46709e+06,0
3.71044e-05,-3962.64,2.47665e+06,2.47665e+06,0
3.72997e-05,-3980.54,2.48784e+06,2.48784e+06,0
3.7495e-05,-4000.72,2.50045e+06,2.50045e+06,0
3.76903e-05,-4022.48,2.51405e+06,2.51405e+06,0
3.78856e-05,-4044.89,2.52806e+06,2.52806e+06,0
3.80808e-05,-4067.33,2.54208e+06,2.54208e+06,0
3.82761e-05,-4089.23,2.55577e+06,2.55577e+06,0
3.84714e-05,-4109.99,2.56874e+06,2.56874e+06,0
3.86667e-05,-4129.15,2.58072e+06,2.58072e+06,0
3.8862e-05,-4146.33,2.59145e+06,2.59145e+06,0
3.90573e-05,-4161.29,2.6008e+06,2.6008e+06,0
3.92526e-05,-4173.92,2.6087e+06,2.6087e+06,0
3.94478e-05,-4184.27,2.61517e+06,2.61517e+06,0
3.96431e-05,-4192.47,2.62029e+06,2.62029e+06,0
3.98384e-05,-4198.72,2.6242e+06,2.6242e+06,0
4.00337e-05,-4203.31,2.62707e+06,2.62707e+06,0
4.0229e-05,-4206.56,2.6291e+06,2.6291e+06,0
4.04243e-05,-4208.86,2.63054e+06,2.63054e+06,0
4.06196e-05,-4210.77,2.63173e+06,2.63173e+06,0
4.08149e-05,-4212.85,2.63303e+06,2.63303e+06,0
4.10101e-05,-4215.77,2.63486e+06,2.63486e+06,0
4.12054e-05,-4220.16,2.6376e+06,2.6376e+06,0
4.14007e-05,-4226.4,2.6415e+06,2.6415e+06,0
4.1596e-05,-4234.78,2.64674e+06,2.64674e+06,0
4.17913e-05,-4245.29,2.6533e+06,2.6533e+06,0
4.19866e-05,-4257.49,2.66093e+06,2.66093e+06,0
4.21819e-05,-4270.88,2.6693e+06,2.6693e+06,0
4.23771e-05,-4284.85,2.67803e+06,2.67803e+06,0
4.25724e-05,-4298.81,2.68676e+06,2.68676e+06,0
4.27677e-05,-4312.29,2.69518e+06,2.69518e+06,0
4.2963e-05,-4324.93,2.70308e+06,2.70308e+06,0
4.31583e-05,-4336.43,2.71027e+06,2.71027e+06,0
4.33536e-05,-4346.59,2.71662e+06,2.71662e+06,0
4.35489e-05,-4355.33,2.72208e+06,2.72208e+06,0
4.37441e-05,-4362.64,2.72665e+06,2.72665e+06,0
4.39394e-05,-4368.64,2.7304e+06,2.7304e+06,0
4.41347e-05,-4373.52,2.73345e+06,2.73345e+06,0
4.433e-05,-4377.52,2.73595e+06,2.73595e+06,0
4.45253e-05,-4380.91,2.73807e+06,2.73807e+06,0
4.47206e-05,-4383.97,2.73998e+06,2.73998e+06,0
4.49159e-05,-4387.16,2.74198e+06,2.74198e+06,0
4.51112e-05,-4391.1,2.74444e+06,2.74444e+06,0
4.53064e-05,-4396.38,2.74774e+06,2.74774e+06,0
4.55017e-05,-4403.5,2.75219e+06,2.75219e+06,0
4.5697e-05,-4412.82,2.75801e+06,2.75801e+06,0
4.58923e-05,-4424.34,2.76521e+06,2.76521e+06,0
4.60876e-05,-4437.89,2.77368e+06,2.77368e+06,0
4.62829e-05,-4453.05,2.78315e+06,2.78315e+06,0
4.64782e-05,-4469.17,2.79323e+06,2.79323e+06,0
4.66734e-05,-4485.76,2.8036e+06,2.8036e+06,0
4.68687e-05,-4502.4,2.814e+06,2.814e+06,0
4.7064e-05,-4518.88,2.8243e+06,2.8243e+06,0
4.72593e-05,-4535.21,2.83451e+06,2.83451e+06,0
4.74546e-05,-4551.57,2.84473e+06,2.84473e+06,0
4.76499e-05,-4568.33,2.8552e+06,2.8552e+06,0
4.78452e-05,-4585.81,2.86613e+06,2.86613e+06,0
4.80404e-05,-4604.46,2.87778e+06,2.87778e+06,0
4.82357e-05,-4624.65,2.8904e+06,2.8904e+06,0
4.8431e-05,-4646.51,2.90407e+06,2.90407e+06,0
4.86263e-05,-4670.36,2.91898e+06,2.91898e+06,0
4.88216e-05,-4696.46,2.93529e+06,2.93529e+06,0
4.90169e-05,-4724.77,2.95298e+06,2.95298e+06,0
4.92122e-05,-4755.13,2.97195e+06,2.97195e+06,0
4.94075e-05,-4787.23,2.99202e+06,2.99202e+06,0
4.96027e-05,-4820.56,3.01285e+06,3.01285e+06,0
4.9798e-05,-4854.71,3.0342e+06,3.0342e+06,0
4.99933e-05,-4889.48,3.05593e+06,3.05593e+06,0
5.01886e-05,-4924.79,3.07799e+06,3.07799e+06,0
5.03839e-05,-4960.6,3.10038e+06,3.10038e+06,0
5.05792e-05,-4996.89,3.12306e+06,3.12306e+06,0
5.07745e-05,-5033.51,3.14594e+06,3.14594e+06,0
5.09697e-05,-5070.24,3.1689e+06,3.1689e+06,0
5.1165e-05,-5106.94,3.19184e+06,3.19184e+06,0
5.13603e-05,-5143.45,3.21465e+06,3.21465e+06,0
5.15556e-05,-5179.73,3.23733e+06,3.23733e+06,0
5.17509e-05,-5215.74,3.25984e+06,3.25984e+06,0
5.19462e-05,-5251.32,3.28207e+06,3.28207e+06,0
5.21415e-05,-5286.4,3.304e+06,3.304e+06,0
5.23367e-05,-5320.87,3.32554e+06,3.32554e+06,0
5.2532e-05,-5354.53,3.34658e+06,3.34658e+06,0
5.27273e-05,-5387.19,3.36699e+06,3.36699e+06,0
5.29226e-05,-5418.65,3.38666e+06,3.38666e+06,0
5.31179e-05,-5448.74,3.40546e+06,3.40546e+06,0
5.33132e-05,-5477.27,3.42329e+06,3.42329e+06,0
5.35085e-05,-5504.13,3.44008e+06,3.44008e+06,0
5.37038e-05,-5529.25,3.45578e+06,3.45578e+06,0
5.3899e-05,-5552.66,3.47041e+06,3.47041e+06,0
5.40943e-05,-5574.43,3.48402e+06,3.48402e+06,0
5.42896e-05,-5594.66,3.49667e+06,3.49667e+06,0
5.44849e-05,-5613.61,3.50851e+06,3.50851e+06,0
5.46802e-05,-5631.57,3.51973e+06,3.51973e+06,0
5.48755e-05,-5649.02,3.53064e+06,3.53064e+06,0
5.50708e-05,-5666.56,3.5416e+06,3.5416e+06,0
5.5266e-05,-5684.77,3.55298e+06,3.55298e+06,0
5.54613e-05,-5704.25,3.56516e+06,3.56516e+06,0
5.56566e-05,-5725.62,3.57851e+06,3.57851e+06,0
5.58519e-05,-5749.23,3.59327e+06,3.59327e+06,0
5.60472e-05,-5775.43,3.60965e+06,3.60965e+06,0
5.62425e-05,-5804.11,3.62757e+06,3.62757e+06,0
5.64378e-05,-5834.52,3.64658e+06,3.64658e+06,0
5.6633e-05,-5865.79,3.66612e+06,3.66612e+06,0
5.68283e-05,-5896.91,3.68557e+06,3.68557e+06,0
5.70236e-05,-5927.23,3.70452e+06,3.70452e+06,0
5.72189e-05,-5956.34,3.72271e+06,3.72271e+06,0
5.74142e-05,-5983.84,3.7399e+06,3.7399e+06,0
5.76095e-05,-6009.35,3.75584e+06,3.75584e+06,0
5.78048e-05,-6032.5,3.77031e+06,3.77031e+06,0
5.80001e-05,-6052.99,3.78312e+06,3.78312e+06,0
5.81953e-05,-6070.61,3.79413e+06,3.79413e+06,0
5.83906e-05,-6085.21,3.80325e+06,3.80325e+06,0
5.85859e-05,-6096.82,3.81051e+06,3.81051e+06,0
5.87812e-05,-6105.65,3.81603e+06,3.81603e+06,0
5.89765e-05,-6112,3.82e+06,3.82e+06,0
5.91718e-05,-6116.33,3.82271e+06,3.82271e+06,0
5.93671e-05,-6119.32,3.82458e+06,3.82458e+06,0
5.95623e-05,-6121.79,3.82612e+06,3.82612e+06,0
5.97576e-05,-6124.77,3.82798e+06,3.82798e+06,0
5.99529e-05,-6129.78,3.83111e+06,3.83111e+06,0
6.01482e-05,-6138.47,3.83655e+06,3.83655e+06,0
6.03435e-05,-6152.04,3.84503e+06,3.84503e+06,0
6.05388e-05,-6171.06,3.85691e+06,3.85691e+06,0
6.07341e-05,-6195.15,3.87197e+06,3.87197e+06,0
6.09293e-05,-6222.95,3.88935e+06,3.88935e+06,0
6.11246e-05,-6252.72,3.90795e+06,3.90795e+06,0
6.13199e-05,-6282.8,3.92675e+06,3.92675e+06,0
6.15152e-05,-6311.98,3.94499e+06,3.94499e+06,0
6.17105e-05,-6339.49,3.96218e+06,3.96218e+06,0
6.19058e-05,-6364.69,3.97793e+06,3.97793e+06,0
6.21011e-05,-6386.97,3.99186e+06,3.99186e+06,0
6.22964e-05,-6405.85,4.00365e+06,4.00365e+06,0
6.24916e-05,-6420.94,4.01309e+06,4.01309e+06,0
6.26869e-05,-6432.1,4.02006e+06,4.02006e+06,0
6.28822e-05,-6439.46,4.02466e+06,4.02466e+06,0
6.30775e-05,-6443.31,4.02707e+06,4.02707e+06,0
6.32728e-05,-6444.11,4.02757e+06,4.02761e+06,0
6.34681e-05,-6442.48,4.02655e+06,4.02761e+06,0
6.36634e-05,-6439.19,4.02449e+06,4.02761e+06,0
6.38586e-05,-6435.19,4.02199e+06,4.02761e+06,0
6.40539e-05,-6431.74,4.01984e+06,4.02761e+06,0
6.42492e-05,-6430.47,4.01904e+06,4.02761e+06,0
6.44445e-05,-6433.21,4.02076e+06,4.02761e+06,0
6.46398e-05,-6441.32,4.02583e+06,4.02761e+06,0
6.48351e-05,-6454.99,4.03437e+06,4.03437e+06,0
6.50304e-05,-6473.68,4.04605e+06,4.04605e+06,0
6.52256e-05,-6495.98,4.05998e+06,4.05998e+06,0
6.54209e-05,-6519.96,4.07498e+06,4.07498e+06,0
6.56162e-05,-6544.08,4.09005e+06,4.09005e+06,0
6.58115e-05,-6567.19,4.10449e+06,4.10449e+06,0
6.60068e-05,-6588.43,4.11777e+06,4.11777e+06,0
6.62021e-05,-6607.03,4.12939e+06,4.12939e+06,0
6.63974e-05,-6622.32,4.13895e+06,4.13895e+06,0
6.65927e-05,-6633.76,4.1461e+06,4.1461e+06,0
6.67879e-05,-6640.98,4.15061e+06,4.15061e+06,0
6.69832e-05,-6643.84,4.1524e+06,4.1524e+06,0
6.71785e-05,-6642.51,4.15157e+06,4.15244e+06,0
6.73738e-05,-6637.47,4.14842e+06,4.15244e+06,0
6.75691e-05,-6629.41,4.14338e+06,4.15244e+06,0
6.77644e-05,-6619.15,4.13697e+06,4.15244e+06,0
6.79597e-05,-6607.7,4.12981e+06,4.15244e+06,0
6.81549e-05,-6596.3,4.12269e+06,4.15244e+06,0
6.83502e-05,-6587.07,4.11692e+06,4.15244e+06,0
6.85455e-05,-6582.57,4.1141e+06,4.15244e+06,0
6.87408e-05,-6584.72,4.11545e+06,4.15244e+06,0
6.89361e-05,-6594.53,4.12158e+06,4.15244e+06,0
6.91314e-05,-6611.32,4.13207e+06,4.15244e+06,0
6.93267e-05,-6633,4.14562e+06,4.15244e+06,0
6.95219e-05,-6657.34,4.16084e+06,4.16084e+06,0
6.97172e-05,-6682.43,4.17652e+06,4.17652e+06,0
6.99125e-05,-6706.96,4.19185e+06,4.19185e+06,0
7.01078e-05,-6729.96,4.20622e+06,4.20622e+06,0
7.03031e-05,-6750.57,4.21911e+06,4.21911e+06,0
7.04984e-05,-6768.18,4.23011e+06,4.23011e+06,0
7.06937e-05,-6782.55,4.23909e+06,4.23909e+06,0
7.0889e-05,-6793.87,4.24617e+06,4.24617e+06,0
7.10842e-05,-6802.7,4.25169e+06,4.25169e+06,0
7.12795e-05,-6809.94,4.25621e+06,4.25621e+06,0
7.14748e-05,-6816.6,4.26038e+06,4.26038e+06,0
7.16701e-05,-6823.72,4.26483e+06,4.26483e+06,0
7.18654e-05,-6832.39,4.27024e+06,4.27024e+06,0
7.20607e-05,-6844.29,4.27768e+06,4.27768e+06,0
7.2256e-05,-6861.05,4.28816e+06,4.28816e+06,0
7.24512e-05,-6883.13,4.30195e+06,4.30195e+06,0
7.26465e-05,-6910.45,4.31903e+06,4.31903e+06,0
7.28418e-05,-6942.1,4.33881e+06,4.33881e+06,0
7.30371e-05,-6976.28,4.36018e+06,4.36018e+06,0
7.32324e-05,-7011.32,4.38207e+06,4.38207e+06,0
7.34277e-05,-7046.13,4.40383e+06,4.40383e+06,0
7.3623e-05,-7080.11,4.42507e+06,4.42507e+06,0
7.38182e-05,-7112.83,4.44552e+06,4.44552e+06,0
7.40135e-05,-7144.01,4.46501e+06,4.46501e+06,0
7.42088e-05,-7173.59,4.4835e+06,4.4835e+06,0
7.44041e-05,-7201.85,4.50115e+06,4.50115e+06,0
7.45994e-05,-7229.34,4.51834e+06,4.51834e+06,0
7.47947e-05,-7256.66,4.53541e+06,4.53541e+06,0
7.499e-05,-7284.09,4.55255e+06,4.55255e+06,0
7.51853e-05,-7311.76,4.56985e+06,4.56985e+06,0
7.53805e-05,-7339.87,4.58742e+06,4.58742e+06,0
7.55758e-05,-7368.54,4.60534e+06,4.60534e+06,0
7.57711e-05,-7398.02,4.62376e+06,4.62376e+06,0
7.59664e-05,-7428.2,4.64262e+06,4.64262e+06,0
7.61617e-05,-7459.01,4.66188e+06,4.66188e+06,0
7.6357e-05,-7490.38,4.68149e+06,4.68149e+06,0
7.65523e-05,-7521.9,4.70118e+06,4.70118e+06,0
7.67475e-05,-7553.19,4.72074e+06,4.72074e+06,0
7.69428e-05,-7584.03,4.74002e+06,4.74002e+06,0
7.71381e-05,-7614.16,4.75885e+06,4.75885e+06,0
7.73334e-05,-7643.47,4.77717e+06,4.77717e+06,0
7.75287e-05,-7671.78,4.79486e+06,4.79486e+06,0
7.7724e-05,-7698.86,4.81179e+06,4.81179e+06,0
7.79193e-05,-7724.59,4.82787e+06,4.82787e+06,0
7.81145e-05,-7748.9,4.84306e+06,4.84306e+06,0
7.83098e-05,-7771.88,4.85742e+06,4.85742e+06,0
7.85051e-05,-7793.72,4.87108e+06,4.87108e+06,0
7.87004e-05,-7814.7,4.88419e+06,4.88419e+06,0
7.88957e-05,-7834.96,4.89685e+06,4.89685e+06,0
7.9091e-05,-7854.63,4.90914e+06,4.90914e+06,0
7.92863e-05,-7874.05,4.92128e+06,4.92128e+06,0
7.94816e-05,-7893.62,4.93352e+06,4.93352e+06,0
7.96768e-05,-7913.46,4.94592e+06,4.94592e+06,0
7.98721e-05,-7933.7,4.95856e+06,4.95856e+06,0
8.00674e-05,-7954.33,4.97145e+06,4.97145e+06,0
8.02627e-05,-7975.23,4.98452e+06,4.98452e+06,0
8.0458e-05,-7996.44,4.99777e+06,4.99777e+06,0
8.06533e-05,-8017.84,5.01115e+06,5.01115e+06,0
8.08486e-05,-8039.21,5.02451e+06,5.02451e+06,0
8.10438e-05,-8060.38,5.03774e+06,5.03774e+06,0
8.12391e-05,-8081.14,5.05071e+06,5.05071e+06,0
8.14344e-05,-8101.37,5.06336e+06,5.06336e+06,0
8.16297e-05,-8121.01,5.07563e+06,5.07563e+06,0
8.1825e-05,-8140.04,5.08752e+06,5.08752e+06,0
8.20203e-05,-8158.56,5.0991e+06,5.0991e+06,0
8.22156e-05,-8176.7,5.11044e+06,5.11044e+06,0
8.24108e-05,-8194.49,5.12156e+06,5.12156e+06,0
8.26061e-05,-8211.94,5.13246e+06,5.13246e+06,0
8.28014e-05,-8228.98,5.14311e+06,5.14311e+06,0
8.29967e-05,-8245.5,5.15344e+06,5.15344e+06,0
8.3192e-05,-8261.53,5.16346e+06,5.16346e+06,0
8.33873e-05,-8277.14,5.17321e+06,5.17321e+06,0
8.35826e-05,-8292.34,5.18271e+06,5.18271e+06,0
8.37779e-05,-8307.15,5.19197e+06,5.19197e+06,0
8.39731e-05,-8321.45,5.20091e+06,5.20091e+06,0
8.41684e-05,-8335.21,5.20951e+06,5.20951e+06,0
8.43637e-05,-8348.43,5.21777e+06,5.21777e+06,0
8.4559e-05,-8361.12,5.2257e+06,5.2257e+06,0
8.47543e-05,-8373.34,5.23334e+06,5.23334e+06,0
8.49496e-05,-8385.14,5.24071e+06,5.24071e+06,0
8.51449e-05,-8396.6,5.24788e+06,5.24788e+06,0
8.53401e-05,-8407.83,5.25489e+06,5.25489e+06,0
8.55354e-05,-8418.9,5.26181e+06,5.26181e+06,0
8.57307e-05,-8429.96,5.26872e+06,5.26872e+06,0
8.5926e-05,-8441.18,5.27574e+06,5.27574e+06,0
8.61213e-05,-8452.81,5.28301e+06,5.28301e+06,0
8.63166e-05,-8465.18,5.29074e+06,5.29074e+06,0
8.65119e-05,-8478.43,5.29902e+06,5.29902e+06,0
8.67071e-05,-8492.52,5.30782e+06,5.30782e+06,0
8.69024e-05,-8507.32,5.31708e+06,5.31708e+06,0
8.70977e-05,-8522.57,5.3266e+06,5.3266e+06,0
8.7293e-05,-8537.92,5.3362e+06,5.3362e+06,0
8.74883e-05,-8553.11,5.34569e+06,5.34569e+06,0
8.76836e-05,-8567.95,5.35497e+06,5.35497e+06,0
8.78789e-05,-8582.32,5.36395e+06,5.36395e+06,0
8.80742e-05,-8596.06,5.37254e+06,5.37254e+06,0
8.82694e-05,-8608.9,5.38056e+06,5.38056e+06,0
8.84647e-05,-8620.66,5.38791e+06,5.38791e+06,0
8.866e-05,-8631.26,5.39454e+06,5.39454e+06,0
8.88553e-05,-8640.63,5.40039e+06,5.40039e+06,0
8.90506e-05,-8648.75,5.40547e+06,5.40547e+06,0
8.92459e-05,-8655.63,5.40977e+06,5.40977e+06,0
8.94412e-05,-8661.33,5.41333e+06,5.41333e+06,0
8.96364e-05,-8665.93,5.4162e+06,5.4162e+06,0
8.98317e-05,-8669.59,5.41849e+06,5.41849e+06,0
9.0027e-05,-8672.53,5.42033e+06,5.42033e+06,0
9.02223e-05,-8675.04,5.4219e+06,5.4219e+06,0
9.04176e-05,-8677.57,5.42348e+06,5.42348e+06,0
9.06129e-05,-8680.5,5.42532e+06,5.42532e+06,0
9.08082e-05,-8684.1,5.42757e+06,5.42757e+06,0
9.10034e-05,-8688.56,5.43035e+06,5.43035e+06,0
9.11987e-05,-8694.1,5.43382e+06,5.43382e+06,0
9.1394e-05,-8700.82,5.43801e+06,5.43801e+06,0
9.15893e-05,-8708.72,5.44295e+06,5.44295e+06,0
9.17846e-05,-8717.67,5.44854e+06,5.44854e+06,0
9.19799e-05,-8727.28,5.45455e+06,5.45455e+06,0
9.21752e-05,-8737.09,5.46068e+06,5.46068e+06,0
9.23705e-05,-8746.75,5.46672e+06,5.46672e+06,0
9.25657e-05,-8756.03,5.47252e+06,5.47252e+06,0
9.2761e-05,-8764.79,5.47799e+06,5.47799e+06,0
9.29563e-05,-8772.97,5.4831e+06,5.4831e+06,0
9.31516e-05,-8780.64,5.4879e+06,5.4879e+06,0
9.33469e-05,-8788.06,5.49254e+06,5.49254e+06,0
9.35422e-05,-8795.88,5.49743e+06,5.49743e+06,0
9.37375e-05,-8804.92,5.50308e+06,5.50308e+06,0
9.39327e-05,-8816.02,5.51001e+06,5.51001e+06,0
9.4128e-05,-8829.99,5.51874e+06,5.51874e+06,0
9.43233e-05,-8847.24,5.52953e+06,5.52953e+06,0
9.45186e-05,-8867.75,5.54235e+06,5.54235e+06,0
9.47139e-05,-8890.99,5.55687e+06,5.55687e+06,0
9.49092e-05,-8915.99,5.57249e+06,5.57249e+06,0
9.51045e-05,-8941.74,5.58859e+06,5.58859e+06,0
9.52997e-05,-8967.45,5.60466e+06,5.60466e+06,0
9.5495e-05,-8992.65,5.62041e+06,5.62041e+06,0
9.56903e-05,-9017.11,5.63569e+06,5.63569e+06,0
9.58856e-05,-9040.7,5.65044e+06,5.65044e+06,0
9.60809e-05,-9063.37,5.66461e+06,5.66461e+06,0
9.62762e-05,-9085.24,5.67828e+06,5.67828e+06,0
9.64715e-05,-9106.49,5.69156e+06,5.69156e+06,0
9.66668e-05,-9127.32,5.70457e+06,5.70457e+06,0
9.6862e-05,-9147.9,5.71744e+06,5.71744e+06,0
9.70573e-05,-9168.48,5.7303e+06,5.7303e+06,0
9.72526e-05,-9189.51,5.74345e+06,5.74345e+06,0
9.74479e-05,-9211.74,5.75734e+06,5.75734e+06,0
9.76432e-05,-9235.87,5.77242e+06,5.77242e+06,0
9.78385e-05,-9262.42,5.78901e+06,5.78901e+06,0
9.80338e-05,-9291.62,5.80726e+06,5.80726e+06,0
9.8229e-05,-9323.2,5.827e+06,5.827e+06,0
9.84243e-05,-9356.66,5.84791e+06,5.84791e+06,0
9.86196e-05,-9391.36,5.8696e+06,5.8696e+06,0
9.88149e-05,-9426.73,5.89171e+06,5.89171e+06,0
9.90102e-05,-9462.22,5.91388e+06,5.91388e+06,0
9.92055e-05,-9497.36,5.93585e+06,5.93585e+06,0
9.94008e-05,-9531.87,5.95742e+06,5.95742e+06,0
9.9596e-05,-9565.51,5.97844e+06,5.97844e+06,0
9.97913e-05,-9598.09,5.9988e+06,5.9988e+06,0
9.99866e-05,-9629.4,6.01837e+06,6.01837e+06,0
0.000100182,-9659.31,6.03707e+06,6.03707e+06,0
0.000100377,-9687.73,6.05483e+06,6.05483e+06,0
0.000100572,-9714.63,6.07164e+06,6.07164e+06,0
0.000100768,-9740.01,6.08751e+06,6.08751e+06,0
0.000100963,-9763.95,6.10247e+06,6.10247e+06,0
0.000101158,-9786.53,6.11658e+06,6.11658e+06,0
0.000101354,-9807.92,6.12995e+06,6.12995e+06,0
0.000101549,-9828.26,6.14266e+06,6.14266e+06,0
0.000101744,-9847.77,6.15485e+06,6.15485e+06,0
0.000101939,-9866.73,6.16671e+06,6.16671e+06,0
0.000102135,-9885.47,6.17842e+06,6.17842e+06,0
0.00010233,-9904.35,6.19022e+06,6.19022e+06,0
0.000102525,-9923.88,6.20242e+06,6.20242e+06,0
0.000102721,-9944.51,6.21532e+06,6.21532e+06,0
0.000102916,-9966.34,6.22896e+06,6.22896e+06,0
0.000103111,-9989.41,6.24338e+06,6.24338e+06,0
0.000103306,-10013.6,6.25851e+06,6.25851e+06,0
0.000103502,-10038.7,6.2742e+06,6.2742e+06,0
0.000103697,-10064.4,6.29028e+06,6.29028e+06,0
0.000103892,-10090.4,6.30652e+06,6.30652e+06,0
0.000104088,-10116.4,6.32276e+06,6.32276e+06,0
0.000104283,-10142.2,6.33885e+06,6.33885e+06,0
0.000104478,-10167.5,6.35468e+06,6.35468e+06,0
0.000104673,-10192.2,6.37014e+06,6.37014e+06,0
0.000104869,-10216.2,6.38515e+06,6.38515e+06,0
0.000105064,-10239.5,6.39966e+06,6.39966e+06,0
0.000105259,-10261.8,6.41365e+06,6.41365e+06,0
0.000105455,-10283.3,6.42708e+06,6.42708e+06,0
0.00010565,-10303.9,6.43993e+06,6.43993e+06,0
0.000105845,-10323.5,6.4522e+06,6.4522e+06,0
0.00010604,-10342.3,6.46394e+06,6.46394e+06,0
0.000106236,-10360.3,6.47518e+06,6.47518e+06,0
0.000106431,-10377.5,6.48594e+06,6.48594e+06,0
0.000106626,-10394.1,6.49633e+06,6.49633e+06,0
0.000106822,-10410.3,6.50641e+06,6.50641e+06,0
0.000107017,-10426,6.51625e+06,6.51625e+06,0
0.000107212,-10441.5,6.52593e+06,6.52593e+06,0
0.000107408,-10456.8,6.53551e+06,6.53551e+06,0
0.000107603,-10472.1,6.54508e+06,6.54508e+06,0
0.000107798,-10487.4,6.55465e+06,6.55465e+06,0
0.000107993,-10502.7,6.5642e+06,6.5642e+06,0
0.000108189,-10518,6.57372e+06,6.57372e+06,0
0.000108384,-10533.1,6.58317e+06,6.58317e+06,0
0.000108579,-10547.9,6.59244e+06,6.59244e+06,0
0.000108775,-10562.3,6.60146e+06,6.60146e+06,0
0.00010897,-10576.3,6.61016e+06,6.61016e+06,0
0.000109165,-10589.6,6.6185e+06,6.6185e+06,0
0.00010936,-10602.4,6.62648e+06,6.62648e+06,0
0.000109556,-10614.6,6.6341e+06,6.6341e+06,0
0.000109751,-10626.2,6.64136e+06,6.64136e+06,0
0.000109946,-10637.3,6.64829e+06,6.64829e+06,0
0.000110142,-10648,6.65501e+06,6.65501e+06,0
0.000110337,-10658.7,6.66166e+06,6.66166e+06,0
0.000110532,-10669.4,6.66839e+06,6.66839e+06,0
0.000110727,-10680.6,6.67535e+06,6.67535e+06,0
0.000110923,-10692.3,6.68267e+06,6.68267e+06,0
0.000111118,-10704.7,6.69045e+06,6.69045e+06,0
0.000111313,-10717.9,6.6987e+06,6.6987e+06,0
0.000111509,-10731.9,6.70742e+06,6.70742e+06,0
0.000111704,-10746.3,6.71646e+06,6.71646e+06,0
0.000111899,-10761.1,6.72566e+06,6.72566e+06,0
0.000112094,-10775.8,6.7349e+06,6.7349e+06,0
0.00011229,-10790.5,6.74408e+06,6.74408e+06,0
0.000112485,-10804.9,6.75306e+06,6.75306e+06,0
0.00011268,-10818.7,6.7617e+06,6.7617e+06,0
0.000112876,-10831.8,6.7699e+06,6.7699e+06,0
0.000113071,-10844.1,6.77755e+06,6.77755e+06,0
0.000113266,-10855.4,6.7846e+06,6.7846e+06,0
0.000113461,-10865.6,6.791e+06,6.791e+06,0
0.000113657,-10874.8,6.79673e+06,6.79673e+06,0
0.000113852,-10882.9,6.80178e+06,6.80178e+06,0
0.000114047,-10889.9,6.80621e+06,6.80621e+06,0
0.000114243,-10896.1,6.81006e+06,6.81006e+06,0
0.000114438,-10901.5,6.81343e+06,6.81343e+06,0
0.000114633,-10906.3,6.81642e+06,6.81642e+06,0
0.000114828,-10910.7,6.81919e+06,6.81919e+06,0
0.000115024,-10915.1,6.82192e+06,6.82192e+06,0
0.000115219,-10919.7,6.82481e+06,6.82481e+06,0
0.000115414,-10924.9,6.82805e+06,6.82805e+06,0
0.00011561,-10931,6.83185e+06,6.83185e+06,0
0.000115805,-10938.2,6.83635e+06,6.83635e+06,0
0.000116,-10946.6,6.84165e+06,6.84165e+06,0
0.000116195,-10956.4,6.84775e+06,6.84775e+06,0
0.000116391,-10967.1,6.85445e+06,6.85445e+06,0
0.000116586,-10978.5,6.86155e+06,6.86155e+06,0
0.000116781,-10990.1,6.86884e+06,6.86884e+06,0
0.000116977,-11001.8,6.87615e+06,6.87615e+06,0
0.000117172,-11013.4,6.88338e+06,6.88338e+06,0
0.000117367,-11024.8,6.89048e+06,6.89048e+06,0
0.000117562,-11035.9,6.89743e+06,6.89743e+06,0
0.000117758,-11047,6.90434e+06,6.90434e+06,0
0.000117953,-11058.3,6.91145e+06,6.91145e+06,0
0.000118148,-11070.4,6.91898e+06,6.91898e+06,0
0.000118344,-11083.6,6.92724e+06,6.92724e+06,0
0.000118539,-11098.4,6.9365e+06,6.9365e+06,0
0.000118734,-11115,6.9469e+06,6.9469e+06,0
0.000118929,-11133.7,6.95857e+06,6.95857e+06,0
0.000119125,-11154.3,6.97141e+06,6.97141e+06,0
0.00011932,-11176.3,6.9852e+06,6.9852e+06,0
0.000119515,-11199.5,6.99971e+06,6.99971e+06,0
0.000119711,-11223.4,7.01465e+06,7.01465e+06,0
0.000119906,-11247.8,7.02987e+06,7.02987e+06,0
0.000120101,-11272.4,7.04526e+06,7.04526e+06,0
0.000120296,-11297.2,7.06073e+06,7.06073e+06,0
0.000120492,-11322,7.07628e+06,7.07628e+06,0
0.000120687,-11347,7.09188e+06,7.09188e+06,0
0.000120882,-11372,7.10753e+06,7.10753e+06,0
0.000121078,-11397.1,7.12319e+06,7.12319e+06,0
0.000121273,-11422.1,7.13884e+06,7.13884e+06,0
0.000121468,-11447.1,7.15445e+06,7.15445e+06,0
0.000121663,-11472.1,7.17006e+06,7.17006e+06,0
0.000121859,-11497.1,7.1857e+06,7.1857e+06,0
0.000122054,-11522.2,7.20136e+06,7.20136e+06,0
0.000122249,-11547.4,7.2171e+06,7.2171e+06,0
0.000122445,-11572.8,7.23301e+06,7.23301e+06,0
0.00012264,-11598.6,7.24914e+06,7.24914e+06,0
0.000122835,-11624.9,7.26556e+06,7.26556e+06,0
0.00012303,-11651.6,7.28227e+06,7.28227e+06,0
0.000123226,-11678.7,7.29919e+06,7.29919e+06,0
0.000123421,-11706,7.31627e+06,7.31627e+06,0
0.000123616,-11733.5,7.33346e+06,7.33346e+06,0
0.000123812,-11761.1,7.3507e+06,7.3507e+06,0
0.000124007,-11788.8,7.36802e+06,7.36802e+06,0
0.000124202,-11816.6,7.38538e+06,7.38538e+06,0
0.000124397,-11844.4,7.40272e+06,7.40272e+06,0
0.000124593,-11872,7.41998e+06,7.41998e+06,0
0.000124788,-11899.4,7.43712e+06,7.43712e+06,0
0.000124983,-11926.6,7.45412e+06,7.45412e+06,0
0.000125179,-11953.5,7.47092e+06,7.47092e+06,0
0.000125374,-11979.9,7.48745e+06,7.48745e+06,0
0.000125569,-12005.9,7.50367e+06,7.50367e+06,0
0.000125764,-12031.3,7.51955e+06,7.51955e+06,0
0.00012596,-12056.1,7.53509e+06,7.53509e+06,0
0.000126155,-12080.5,7.55029e+06,7.55029e+06,0
0.00012635,-12104.3,7.56516e+06,7.56516e+06,0
0.000126546,-12127.5,7.5797e+06,7.5797e+06,0
0.000126741,-12150.3,7.59396e+06,7.59396e+06,0
0.000126936,-12172.7,7.60793e+06,7.60793e+06,0
0.000127131,-12194.7,7.62168e+06,7.62168e+06,0
0.000127327,-12216.4,7.63523e+06,7.63523e+06,0
0.000127522,-12237.8,7.64861e+06,7.64861e+06,0
0.000127717,-12259,7.66188e+06,7.66188e+06,0
0.000127913,-12280.1,7.67508e+06,7.67508e+06,0
0.000128108,-12301.2,7.68824e+06,7.68824e+06,0
0.000128303,-12322.2,7.70138e+06,7.70138e+06,0
0.000128498,-12343.2,7.7145e+06,7.7145e+06,0
0.000128694,-12364.1,7.72758e+06,7.72758e+06,0
0.000128889,-12385,7.7406e+06,7.7406e+06,0
0.000129084,-12405.8,7.75363e+06,7.75363e+06,0
0.00012928,-12426.7,7.76672e+06,7.76672e+06,0
0.000129475,-12447.8,7.77988e+06,7.77988e+06,0
0.00012967,-12468.9,7.79309e+06,7.79309e+06,0
0.000129865,-12490.1,7.8063e+06,7.8063e+06,0
0.000130061,-12511.2,7.81949e+06,7.81949e+06,0
0.000130256,-12532.2,7.83262e+06,7.83262e+06,0
0.000130451,-12553.2,7.84573e+06,7.84573e+06,0
0.000130647,-12574.1,7.8588e+06,7.8588e+06,0
0.000130842,-12594.9,7.87181e+06,7.87181e+06,0
0.000131037,-12615.6,7.88475e+06,7.88475e+06,0
0.000131232,-12636.2,7.89762e+06,7.89762e+06,0
0.000131428,-12656.6,7.91036e+06,7.91036e+06,0
0.000131623,-12676.7,7.92295e+06,7.92295e+06,0
0.000131818,-12696.6,7.93536e+06,7.93536e+06,0
0.000132014,-12716.1,7.94755e+06,7.94755e+06,0
0.000132209,-12735.2,7.95951e+06,7.95951e+06,0
0.000132404,-12754,7.97122e+06,7.97122e+06,0
0.000132599,-12772.3,7.98267e+06,7.98267e+06,0
0.000132795,-12790.2,7.99385e+06,7.99385e+06,0
0.00013299,-12807.5,8.0047e+06,8.0047e+06,0
0.000133185,-12824.3,8.01519e+06,8.01519e+06,0
0.000133381,-12840.5,8.02531e+06,8.02531e+06,0
0.000133576,-12856,8.03502e+06,8.03502e+06,0
0.000133771,-12870.9,8.04432e+06,8.04432e+06,0
0.000133966,-12885.1,8.05321e+06,8.05321e+06,0
0.000134162,-12898.7,8.06168e+06,8.06168e+06,0
0.000134357,-12911.6,8.06975e+06,8.06975e+06,0
0.000134552,-12923.8,8.0774e+06,8.0774e+06,0
0.000134748,-12935.5,8.08471e+06,8.08471e+06,0
0.000134943,-12946.7,8.0917e+06,8.0917e+06,0
0.000135138,-12957.5,8.09847e+06,8.09847e+06,0
0.000135333,-12968.1,8.10508e+06,8.10508e+06,0
0.000135529,-12978.6,8.11162e+06,8.11162e+06,0
0.000135724,-12989.1,8.11817e+06,8.11817e+06,0
0.000135919,-12999.7,8.12481e+06,8.12481e+06,0
0.000136115,-13010.6,8.13164e+06,8.13164e+06,0
0.00013631,-13021.9,8.1387e+06,8.1387e+06,0
0.000136505,-13033.6,8.146e+06,8.146e+06,0
0.0001367,-13045.6,8.15352e+06,8.15352e+06,0
0.000136896,-13057.9,8.1612e+06,8.1612e+06,0
0.000137091,-13070.3,8.16896e+06,8.16896e+06,0
0.000137286,-13082.7,8.17671e+06,8.17671e+06,0
0.000137482,-13095.1,8.18442e+06,8.18442e+06,0
0.000137677,-13107.2,8.19202e+06,8.19202e+06,0
0.000137872,-13119.1,8.19941e+06,8.19941e+06,0
0.000138067,-13130.5,8.20655e+06,8.20655e+06,0
0.000138263,-13141.4,8.21337e+06,8.21337e+06,0
0.000138458,-13151.7,8.21982e+06,8.21982e+06,0
0.000138653,-13161.4,8.22586e+06,8.22586e+06,0
0.000138849,-13170.4,8.23148e+06,8.23148e+06,0
0.000139044,-13178.7,8.23668e+06,8.23668e+06,0
0.000139239,-13186.3,8.24143e+06,8.24143e+06,0
0.000139434,-13193.3,8.24579e+06,8.24579e+06,0
0.00013963,-13199.7,8.24979e+06,8.24979e+06,0
0.000139825,-13205.6,8.25349e+06,8.25349e+06,0
0.00014002,-13211.2,8.25701e+06,8.25701e+06,0
0.000140216,-13216.8,8.26048e+06,8.26048e+06,0
0.000140411,-13222.5,8.26408e+06,8.26408e+06,0
0.000140606,-13228.7,8.26793e+06,8.26793e+06,0
0.000140801,-13235.6,8.27223e+06,8.27223e+06,0
0.000140997,-13243.6,8.27723e+06,8.27723e+06,0
0.000141192,-13253.1,8.28317e+06,8.28317e+06,0
0.000141387,-13264.2,8.29013e+06,8.29013e+06,0
0.000141583,-13276.9,8.29809e+06,8.29809e+06,0
0.000141778,-13291,8.30689e+06,8.30689e+06,0
0.000141973,-13306.1,8.31631e+06,8.31631e+06,0
0.000142168,-13321.9,8.32618e+06,8.32618e+06,0
0.000142364,-13338.2,8.33634e+06,8.33634e+06,0
0.000142559,-13354.8,8.34672e+06,8.34672e+06,0
0.000142754,-13371.7,8.35733e+06,8.35733e+06,0
0.00014295,-13389.2,8.36825e+06,8.36825e+06,0
0.000143145,-13407.3,8.37955e+06,8.37955e+06,0
0.00014334,-13426.1,8.39133e+06,8.39133e+06,0
0.000143535,-13445.9,8.40367e+06,8.40367e+06,0
0.000143731,-13466.6,8.41665e+06,8.41665e+06,0
0.000143926,-13488.6,8.43036e+06,8.43036e+06,0
0.000144121,-13511.7,8.44483e+06,8.44483e+06,0
0.000144317,-13536,8.46002e+06,8.46002e+06,0
0.000144512,-13561.2,8.47575e+06,8.47575e+06,0
0.000144707,-13586.8,8.49178e+06,8.49178e+06,0
0.000144902,-13612.7,8.50791e+06,8.50791e+06,0
0.000145098,-13638.4,8.52402e+06,8.52402e+06,0
0.000145293,-13664,8.54003e+06,8.54003e+06,0
0.000145488,-13689.4,8.55587e+06,8.55587e+06,0
0.000145684,-13714.4,8.57148e+06,8.57148e+06,0
0.000145879,-13739,8.58684e+06,8.58684e+06,0
0.000146074,-13763.2,8.602e+06,8.602e+06,0
0.000146269,-13787.2,8.61699e+06,8.61699e+06,0
0.000146465,-13810.9,8.63184e+06,8.63184e+06,0
0.00014666,-13834.6,8.64664e+06,8.64664e+06,0
0.000146855,-13858.3,8.66144e+06,8.66144e+06,0
0.000147051,-13882.1,8.67631e+06,8.67631e+06,0
0.000147246,-13906.2,8.69137e+06,8.69137e+06,0
0.000147441,-13930.7,8.70672e+06,8.70672e+06,0
0.000147636,-13955.7,8.72234e+06,8.72234e+06,0
0.000147832,-13981.2,8.73826e+06,8.73826e+06,0
0.000148027,-14007.1,8.75447e+06,8.75447e+06,0
0.000148222,-14033.4,8.77089e+06,8.77089e+06,0
0.000148418,-14060,8.78748e+06,8.78748e+06,0
0.000148613,-14086.7,8.8042e+06,8.8042e+06,0
0.000148808,-14113.5,8.82092e+06,8.82092e+06,0
0.000149003,-14140.1,8.83755e+06,8.83755e+06,0
0.000149199,-14166.4,8.85399e+06,8.85399e+06,0
0.000149394,-14192.3,8.87016e+06,8.87016e+06,0
0.000149589,-14217.6,8.88601e+06,8.88601e+06,0
0.000149785,-14242.5,8.90155e+06,8.90155e+06,0
0.00014998,-14266.8,8.91674e+06,8.91674e+06,0
0.000150175,-14290.6,8.93164e+06,8.93164e+06,0
0.000150371,-14314,8.94626e+06,8.94626e+06,0
0.000150566,-14336.9,8.96057e+06,8.96057e+06,0
0.000150761,-14359.3,8.97457e+06,8.97457e+06,0
0.000150956,-14381.3,8.98828e+06,8.98828e+06,0
0.000151152,-14402.7,9.00168e+06,9.00168e+06,0
0.000151347,-14423.8,9.01486e+06,9.01486e+06,0
0.000151542,-14444.6,9.02786e+06,9.02786e+06,0
0.000151738,-14465,9.04064e+06,9.04064e+06,0
0.000151933,-14485.1,9.05322e+06,9.05322e+06,0
0.000152128,-14504.8,9.06552e+06,9.06552e+06,0
0.000152323,-14524.5,9.07784e+06,9.07784e+06,0
0.000152519,-14544.3,9.09018e+06,9.09018e+06,0
0.000152714,-14563.9,9.10243e+06,9.10243e+06,0
0.000152909,-14583.2,9.1145e+06,9.1145e+06,0
0.000153105,-14602.4,9.12647e+06,9.12647e+06,0
0.0001533,-14621.3,9.13833e+06,9.13833e+06,0
0.000153495,-14639.6,9.14975e+06,9.14975e+06,0
0.00015369,-14657,9.16065e+06,9.16065e+06,0
0.000153886,-14673.4,9.1709e+06,9.1709e+06,0
0.000154081,-14688.5,9.18031e+06,9.18031e+06,0
0.000154276,-14702.7,9.18919e+06,9.18919e+06,0
0.000154472,-14716.5,9.19779e+06,9.19779e+06,0
0.000154667,-14729,9.20565e+06,9.20565e+06,0
0.000154862,-14741.1,9.21321e+06,9.21321e+06,0
0.000155057,-14753,9.22063e+06,9.22063e+06,0
0.000155253,-14764.1,9.22758e+06,9.22758e+06,0
0.000155448,-14774.3,9.23393e+06,9.23393e+06,0
0.000155643,-14783.7,9.2398e+06,9.2398e+06,0
0.000155839,-14792.9,9.24557e+06,9.24557e+06,0
0.000156034,-14803.4,9.25214e+06,9.25214e+06,0
0.000156229,-14815.5,9.25966e+06,9.25966e+06,0
0.000156424,-14829.3,9.26828e+06,9.26828e+06,0
0.00015662,-14845.5,9.27843e+06,9.27843e+06,0
0.000156815,-14865.9,9.29121e+06,9.29121e+06,0
0.00015701,-14890,9.30622e+06,9.30622e+06,0
0.000157206,-14916.7,9.32297e+06,9.32297e+06,0
0.000157401,-14943.9,9.33993e+06,9.33993e+06,0
0.000157596,-14969.4,9.35586e+06,9.35586e+06,0
0.000157791,-14991,9.36938e+06,9.36938e+06,0
0.000157987,-15006.7,9.37921e+06,9.37921e+06,0
0.000158182,-15017.1,9.38569e+06,9.38569e+06,0
0.000158377,-15023.3,9.38957e+06,9.38957e+06,0
0.000158573,-15025.2,9.39075e+06,9.39075e+06,0
0.000158768,-15024.5,9.39033e+06,9.39075e+06,0
0.000158963,-15023,9.38937e+06,9.39075e+06,0
0.000159158,-15021.6,9.38852e+06,9.39075e+06,0
0.000159354,-15023.2,9.38952e+06,9.39075e+06,0
0.000159549,-15027.8,9.39238e+06,9.39238e+06,0
0.000159744,-15037.1,9.39819e+06,9.39819e+06,0
0.00015994,-15053.3,9.40831e+06,9.40831e+06,0
0.000160135,-15075.2,9.422e+06,9.422e+06,0
0.00016033,-15103.5,9.43971e+06,9.43971e+06,0
0.000160525,-15135.2,9.4595e+06,9.4595e+06,0
0.000160721,-15167.7,9.47978e+06,9.47978e+06,0
0.000160916,-15197.6,9.49851e+06,9.49851e+06,0
0.000161111,-15220.9,9.51305e+06,9.51305e+06,0
0.000161307,-15236.7,9.52295e+06,9.52295e+06,0
0.000161502,-15244.6,9.52785e+06,9.52785e+06,0
0.000161697,-15243.6,9.52726e+06,9.52828e+06,0
0.000161892,-15235.2,9.52198e+06,9.52828e+06,0
0.000162088,-15220.6,9.51288e+06,9.52828e+06,0
0.000162283,-15202,9.50128e+06,9.52828e+06,0
0.000162478,-15182,9.48874e+06,9.52828e+06,0
0.000162674,-15163.5,9.4772e+06,9.52828e+06,0
0.000162869,-15148.8,9.46801e+06,9.52828e+06,0
0.000163064,-15140.2,9.4626e+06,9.52828e+06,0
0.000163259,-15137.1,9.46071e+06,9.52828e+06,0
0.000163455,-15139.3,9.46207e+06,9.52828e+06,0
0.00016365,-15143.7,9.46481e+06,9.52828e+06,0
0.000163845,-15147.2,9.46697e+06,9.52828e+06,0
0.000164041,-15149.7,9.46854e+06,9.52828e+06,0
0.000164236,-15151.1,9.46941e+06,9.52828e+06,0
0.000164431,-15149.9,9.4687e+06,9.52828e+06,0
0.000164626,-15147.1,9.46693e+06,9.52828e+06,0
0.000164822,-15142.5,9.46407e+06,9.52828e+06,0
0.000165017,-15136,9.45998e+06,9.52828e+06,0
0.000165212,-15128.5,9.45531e+06,9.52828e+06,0
0.000165408,-15121.6,9.45099e+06,9.52828e+06,0
0.000165603,-15115.8,9.44736e+06,9.52828e+06,0
0.000165798,-15112.2,9.4451e+06,9.52828e+06,0
0.000165993,-15111.6,9.44472e+06,9.52828e+06,0
0.000166189,-15112.8,9.44553e+06,9.52828e+06,0
0.000166384,-15114,9.44625e+06,9.52828e+06,0
0.000166579,-15112.9,9.44555e+06,9.52828e+06,0
0.000166775,-15107.9,9.44242e+06,9.52828e+06,0
0.00016697,-15098.5,9.43657e+06,9.52828e+06,0
0.000167165,-15085.3,9.42829e+06,9.52828e+06,0
0.00016736,-15068.3,9.41771e+06,9.52828e+06,0
0.000167556,-15048.6,9.40538e+06,9.52828e+06,0
0.000167751,-15027.4,9.39211e+06,9.52828e+06,0
0.000167946,-15006.1,9.37879e+06,9.52828e+06,0
0.000168142,-14986.7,9.36671e+06,9.52828e+06,0
0.000168337,-14970.8,9.35678e+06,9.52828e+06,0
0.000168532,-14958.7,9.34918e+06,9.52828e+06,0
0.000168727,-14950.5,9.34408e+06,9.52828e+06,0
0.000168923,-14946.4,9.34151e+06,9.52828e+06,0
0.000169118,-14945.1,9.3407e+06,9.52828e+06,0
0.000169313,-14945.7,9.34108e+06,9.52828e+06,0
0.000169509,-14946.9,9.34183e+06,9.52828e+06,0
0.000169704,-14947.1,9.34191e+06,9.52828e+06,0
0.000169899,-14945,9.34063e+06,9.52828e+06,0
0.000170094,-14940.2,9.33764e+06,9.52828e+06,0
0.00017029,-14932.8,9.33301e+06,9.52828e+06,0
0.000170485,-14922.9,9.3268e+06,9.52828e+06,0
0.00017068,-14910.6,9.31915e+06,9.52828e+06,0
0.000170876,-14896.4,9.31022e+06,9.52828e+06,0
0.000171071,-14880.9,9.30053e+06,9.52828e+06,0
0.000171266,-14864.8,9.2905e+06,9.52828e+06,0
0.000171461,-14848.6,9.2804e+06,9.52828e+06,0
0.000171657,-14833.1,9.27067e+06,9.52828e+06,0
0.000171852,-14818.8,9.26173e+06,9.52828e+06,0
0.000172047,-14806.2,9.25389e+06,9.52828e+06,0
0.000172243,-14795.5,9.24719e+06,9.52828e+06,0
0.000172438,-14786.2,9.24139e+06,9.52828e+06,0
0.000172633,-14778,9.23623e+06,9.52828e+06,0
0.000172828,-14770,9.23124e+06,9.52828e+06,0
0.000173024,-14762.1,9.22631e+06,9.52828e+06,0
0.000173219,-14754.1,9.22129e+06,9.52828e+06,0
0.000173414,-14745.8,9.21615e+06,9.52828e+06,0
0.00017361,-14737.6,9.21099e+06,9.52828e+06,0
0.000173805,-14729.8,9.20614e+06,9.52828e+06,0
0.000174,-14722.8,9.20174e+06,9.52828e+06,0
0.000174195,-14716.4,9.19774e+06,9.52828e+06,0
0.000174391,-14710.6,9.19412e+06,9.52828e+06,0
0.000174586,-14705.4,9.19087e+06,9.52828e+06,0
0.000174781,-14700.7,9.18793e+06,9.52828e+06,0
0.000174977,-14696.2,9.18512e+06,9.52828e+06,0
0.000175172,-14691.7,9.18232e+06,9.52828e+06,0
0.000175367,-14687,9.17938e+06,9.52828e+06,0
0.000175562,-14681.8,9.17611e+06,9.52828e+06,0
0.000175758,-14675.7,9.1723e+06,9.52828e+06,0
0.000175953,-14668.7,9.16794e+06,9.52828e+06,0
0.000176148,-14661,9.16315e+06,9.52828e+06,0
0.000176344,-14652.6,9.15789e+06,9.52828e+06,0
0.000176539,-14643.4,9.15215e+06,9.52828e+06,0
0.000176734,-14633.6,9.146e+06,9.52828e+06,0
0.000176929,-14623.4,9.13961e+06,9.52828e+06,0
0.000177125,-14612.9,9.13305e+06,9.52828e+06,0
0.00017732,-14602.4,9.12647e+06,9.52828e+06,0
0.000177515,-14592,9.11997e+06,9.52828e+06,0
0.000177711,-14581.8,9.11362e+06,9.52828e+06,0
0.000177906,-14572,9.10751e+06,9.52828e+06,0
0.000178101,-14562.8,9.10178e+06,9.52828e+06,0
0.000178296,-14554.3,9.09645e+06,9.52828e+06,0
0.000178492,-14546.5,9.09155e+06,9.52828e+06,0
0.000178687,-14539.4,9.08712e+06,9.52828e+06,0
0.000178882,-14532.9,9.08303e+06,9.52828e+06,0
0.000179078,-14526.7,9.07919e+06,9.52828e+06,0
0.000179273,-14520.8,9.07552e+06,9.52828e+06,0
0.000179468,-14515,9.07188e+06,9.52828e+06,0
0.000179663,-14509,9.06815e+06,9.52828e+06,0
0.000179859,-14502.8,9.06423e+06,9.52828e+06,0
0.000180054,-14496.2,9.06012e+06,9.52828e+06,0
0.000180249,-14489.2,9.05574e+06,9.52828e+06,0
0.000180445,-14481.7,9.05104e+06,9.52828e+06,0
0.00018064,-14473.6,9.04599e+06,9.52828e+06,0
0.000180835,-14464.9,9.04057e+06,9.52828e+06,0
0.00018103,-14455.8,9.03487e+06,9.52828e+06,0
0.000181226,-14446.5,9.02905e+06,9.52828e+06,0
0.000181421,-14437.1,9.02316e+06,9.52828e+06,0
0.000181616,-14427.5,9.01716e+06,9.52828e+06,0
0.000181812,-14417.7,9.01106e+06,9.52828e+06,0
0.000182007,-14407.9,9.00493e+06,9.52828e+06,0
0.000182202,-14398.2,8.99889e+06,9.52828e+06,0
0.000182397,-14388.8,8.99302e+06,9.52828e+06,0
0.000182593,-14379.8,8.9874e+06,9.52828e+06,0
0.000182788,-14371.3,8.98203e+06,9.52828e+06,0
0.000182983,-14363.1,8.97692e+06,9.52828e+06,0
0.000183179,-14355.3,8.97209e+06,9.52828e+06,0
0.000183374,-14348,8.96749e+06,9.52828e+06,0
0.000183569,-14340.9,8.96304e+06,9.52828e+06,0
0.000183764,-14333.9,8.9587e+06,9.52828e+06,0
0.00018396,-14327.1,8.95441e+06,9.52828e+06,0
0.000184155,-14320.2,8.9501e+06,9.52828e+06,0
0.00018435,-14313.1,8.94566e+06,9.52828e+06,0
0.000184546,-14305.6,8.94102e+06,9.52828e+06,0
0.000184741,-14297.8,8.93613e+06,9.52828e+06,0
0.000184936,-14289.6,8.93098e+06,9.52828e+06,0
0.000185131,-14280.9,8.92554e+06,9.52828e+06,0
0.000185327,-14271.7,8.91979e+06,9.52828e+06,0
0.000185522,-14261.9,8.9137e+06,9.52828e+06,0
0.000185717,-14251.6,8.90725e+06,9.52828e+06,0
0.000185913,-14240.8,8.90048e+06,9.52828e+06,0
0.000186108,-14229.5,8.89342e+06,9.52828e+06,0
0.000186303,-14217.8,8.88614e+06,9.52828e+06,0
0.000186498,-14205.9,8.87869e+06,9.52828e+06,0
0.000186694,-14193.8,8.87112e+06,9.52828e+06,0
0.000186889,-14181.6,8.86353e+06,9.52828e+06,0
0.000187084,-14169.6,8.85603e+06,9.52828e+06,0
0.00018728,-14157.8,8.84864e+06,9.52828e+06,0
0.000187475,-14146.2,8.84136e+06,9.52828e+06,0
0.00018767,-14134.7,8.83419e+06,9.52828e+06,0
0.000187865,-14123.5,8.82716e+06,9.52828e+06,0
0.000188061,-14112.5,8.8203e+06,9.52828e+06,0
0.000188256,-14101.8,8.81361e+06,9.52828e+06,0
0.000188451,-14091.3,8.80703e+06,9.52828e+06,0
0.000188647,-14080.8,8.8005e+06,9.52828e+06,0
0.000188842,-14070.4,8.79398e+06,9.52828e+06,0
0.000189037,-14059.9,8.78744e+06,9.52828e+06,0
0.000189232,-14049.3,8.78083e+06,9.52828e+06,0
0.000189428,-14038.5,8.77408e+06,9.52828e+06,0
0.000189623,-14027.4,8.76713e+06,9.52828e+06,0
0.000189818,-14015.9,8.75994e+06,9.52828e+06,0
0.000190014,-14004.1,8.75257e+06,9.52828e+06,0
0.000190209,-13992.1,8.74505e+06,9.52828e+06,0
0.000190404,-13979.7,8.73733e+06,9.52828e+06,0
0.000190599,-13967,8.72939e+06,9.52828e+06,0
0.000190795,-13953.9,8.72122e+06,9.52828e+06,0
0.00019099,-13940.5,8.71279e+06,9.52828e+06,0
0.000191185,-13926.6,8.70413e+06,9.52828e+06,0
0.000191381,-13912.4,8.69526e+06,9.52828e+06,0
0.000191576,-13897.9,8.68622e+06,9.52828e+06,0
0.000191771,-13883.2,8.67703e+06,9.52828e+06,0
0.000191966,-13868.4,8.66773e+06,9.52828e+06,0
0.000192162,-13853.3,8.65832e+06,9.52828e+06,0
0.000192357,-13838.1,8.64879e+06,9.52828e+06,0
0.000192552,-13822.7,8.63917e+06,9.52828e+06,0
0.000192748,-13807.2,8.62947e+06,9.52828e+06,0
0.000192943,-13791.6,8.61972e+06,9.52828e+06,0
0.000193138,-13775.9,8.60996e+06,9.52828e+06,0
0.000193334,-13760.4,8.60023e+06,9.52828e+06,0
0.000193529,-13744.9,8.59059e+06,9.52828e+06,0
0.000193724,-13729.7,8.58107e+06,9.52828e+06,0
0.000193919,-13714.6,8.57165e+06,9.52828e+06,0
0.000194115,-13699.7,8.56232e+06,9.52828e+06,0
0.00019431,-13684.8,8.55302e+06,9.52828e+06,0
0.000194505,-13669.9,8.54368e+06,9.52828e+06,0
0.000194701,-13654.8,8.53428e+06,9.52828e+06,0
0.000194896,-13639.7,8.52484e+06,9.52828e+06,0
0.000195091,-13624.6,8.51535e+06,9.52828e+06,0
0.000195286,-13609.2,8.50577e+06,9.52828e+06,0
0.000195482,-13593.7,8.49608e+06,9.52828e+06,0
0.000195677,-13578.1,8.48629e+06,9.52828e+06,0
0.000195872,-13562.2,8.47639e+06,9.52828e+06,0
0.000196068,-13546.2,8.46637e+06,9.52828e+06,0
0.000196263,-13530,8.45622e+06,9.52828e+06,0
0.000196458,-13513.5,8.44592e+06,9.52828e+06,0
0.000196653,-13496.7,8.43544e+06,9.52828e+06,0
0.000196849,-13479.6,8.42474e+06,9.52828e+06,0
0.000197044,-13462.1,8.41384e+06,9.52828e+06,0
0.000197239,-13444.4,8.40275e+06,9.52828e+06,0
0.000197435,-13426.4,8.39151e+06,9.52828e+06,0
0.00019763,-13408.2,8.38015e+06,9.52828e+06,0
0.000197825,-13389.9,8.36872e+06,9.52828e+06,0
0.00019802,-13371.6,8.35722e+06,9.52828e+06,0
0.000198216,-13353.1,8.34567e+06,9.52828e+06,0
0.000198411,-13334.5,8.33409e+06,9.52828e+06,0
0.000198606,-13316,8.32251e+06,9.52828e+06,0
0.000198802,-13297.6,8.31098e+06,9.52828e+06,0
0.000198997,-13279.3,8.29953e+06,9.52828e+06,0
0.000199192,-13261.1,8.28816e+06,9.52828e+06,0
0.000199387,-13242.9,8.27684e+06,9.52828e+06,0
0.000199583,-13224.8,8.26551e+06,9.52828e+06,0
0.000199778,-13206.6,8.25413e+06,9.52828e+06,0
0.000199973,-13188.3,8.2427e+06,9.52828e+06,0
0.000200169,-13169.9,8.23117e+06,9.52828e+06,0
0.000200364,-13151.3,8.21958e+06,9.52828e+06,0
0.000200559,-13132.7,8.20792e+06,9.52828e+06,0
0.000200754,-13113.9,8.19621e+06,9.52828e+06,0
0.00020095,-13095.1,8.18446e+06,9.52828e+06,0
0.000201145,-13076.2,8.17263e+06,9.52828e+06,0
0.00020134,-13057.1,8.16069e+06,9.52828e+06,0
0.000201536,-13037.8,8.14861e+06,9.52828e+06,0
0.000201731,-13018.2,8.13638e+06,9.52828e+06,0
0.000201926,-12998.4,8.12399e+06,9.52828e+06,0
0.000202121,-12978.3,8.11146e+06,9.52828e+06,0
0.000202317,-12958.1,8.09879e+06,9.52828e+06,0
0.000202512,-12937.6,8.08598e+06,9.52828e+06,0
0.000202707,-12916.9,8.07308e+06,9.52828e+06,0
0.000202903,-12896.1,8.06009e+06,9.52828e+06,0
0.000203098,-12875.3,8.04704e+06,9.52828e+06,0
0.000203293,-12854.3,8.03395e+06,9.52828e+06,0
0.000203488,-12833.3,8.02079e+06,9.52828e+06,0
0.000203684,-12812.1,8.00754e+06,9.52828e+06,0
0.000203879,-12790.7,7.9942e+06,9.52828e+06,0
0.000204074,-12769.2,7.98076e+06,9.52828e+06,0
0.00020427,-12747.7,7.96728e+06,9.52828e+06,0
0.000204465,-12726,7.95376e+06,9.52828e+06,0
0.00020466,-12704.3,7.94021e+06,9.52828e+06,0
0.000204855,-12682.6,7.92663e+06,9.52828e+06,0
0.000205051,-12660.8,7.91301e+06,9.52828e+06,0
0.000205246,-12638.9,7.8993e+06,9.52828e+06,0
0.000205441,-12616.8,7.88547e+06,9.52828e+06,0
0.000205637,-12594.4,7.87149e+06,9.52828e+06,0
0.000205832,-12571.8,7.85735e+06,9.52828e+06,0
0.000206027,-12548.9,7.84305e+06,9.52828e+06,0
0.000206222,-12525.8,7.82862e+06,9.52828e+06,0
0.000206418,-12502.5,7.81406e+06,9.52828e+06,0
0.000206613,-12479.1,7.79942e+06,9.52828e+06,0
0.000206808,-12455.5,7.78469e+06,9.52828e+06,0
0.000207004,-12431.8,7.76987e+06,9.52828e+06,0
0.000207199,-12408,7.75497e+06,9.52828e+06,0
0.000207394,-12383.9,7.73997e+06,9.52828e+06,0
0.000207589,-12359.8,7.72486e+06,9.52828e+06,0
0.000207785,-12335.4,7.70964e+06,9.52828e+06,0
0.00020798,-12310.9,7.6943e+06,9.52828e+06,0
0.000208175,-12286.1,7.67883e+06,9.52828e+06,0
0.000208371,-12261.2,7.66324e+06,9.52828e+06,0
0.000208566,-12236,7.64753e+06,9.52828e+06,0
0.000208761,-12210.7,7.63171e+06,9.52828e+06,0
0.000208956,-12185.3,7.61582e+06,9.52828e+06,0
0.000209152,-12159.8,7.59988e+06,9.52828e+06,0
0.000209347,-12134.2,7.58389e+06,9.52828e+06,0
0.000209542,-12108.6,7.56785e+06,9.52828e+06,0
0.000209738,-12082.8,7.55173e+06,9.52828e+06,0
0.000209933,-12056.8,7.53552e+06,9.52828e+06,0
0.000210128,-12030.8,7.51922e+06,9.52828e+06,0
0.000210323,-12004.5,7.50282e+06,9.52828e+06,0
0.000210519,-11978.1,7.48633e+06,9.52828e+06,0
0.000210714,-11951.6,7.46974e+06,9.52828e+06,0
0.000210909,-11924.9,7.45306e+06,9.52828e+06,0
0.000211105,-11898.1,7.43632e+06,9.52828e+06,0
0.0002113,-11871.2,7.41951e+06,9.52828e+06,0
0.000211495,-11844.2,7.40264e+06,9.52828e+06,0
0.00021169,-11817.1,7.38571e+06,9.52828e+06,0
0.000211886,-11789.9,7.3687e+06,9.52828e+06,0
0.000212081,-11762.6,7.35161e+06,9.52828e+06,0
0.000212276,-11735.1,7.33446e+06,9.52828e+06,0
0.000212472,-11707.5,7.31722e+06,9.52828e+06,0
0.000212667,-11679.8,7.2999e+06,9.52828e+06,0
0.000212862,-11651.9,7.28247e+06,9.52828e+06,0
0.000213057,-11623.9,7.26494e+06,9.52828e+06,0
0.000213253,-11595.7,7.24732e+06,9.52828e+06,0
0.000213448,-11567.4,7.2296e+06,9.52828e+06,0
0.000213643,-11538.8,7.21175e+06,9.52828e+06,0
0.000213839,-11510.1,7.19382e+06,9.52828e+06,0
0.000214034,-11481.3,7.1758e+06,9.52828e+06,0
0.000214229,-11452.3,7.1577e+06,9.52828e+06,0
0.000214424,-11423.2,7.13952e+06,9.52828e+06,0
0.00021462,-11394,7.12125e+06,9.52828e+06,0
0.000214815,-11364.7,7.10291e+06,9.52828e+06,0
0.00021501,-11335.2,7.08451e+06,9.52828e+06,0
0.000215206,-11305.7,7.06607e+06,9.52828e+06,0
0.000215401,-11276.2,7.04764e+06,9.52828e+06,0
0.000215596,-11246.7,7.0292e+06,9.52828e+06,0
0.000215791,-11217.2,7.01076e+06,9.52828e+06,0
0.000215987,-11187.7,6.99229e+06,9.52828e+06,0
0.000216182,-11158.1,6.97379e+06,9.52828e+06,0
0.000216377,-11128.4,6.95523e+06,9.52828e+06,0
0.000216573,-11098.6,6.9366e+06,9.52828e+06,0
0.000216768,-11068.6,6.91789e+06,9.52828e+06,0
0.000216963,-11038.6,6.89912e+06,9.52828e+06,0
0.000217158,-11008.4,6.88026e+06,9.52828e+06,0
0.000217354,-10978.1,6.86132e+06,9.52828e+06,0
0.000217549,-10947.7,6.84229e+06,9.52828e+06,0
0.000217744,-10917,6.82315e+06,9.52828e+06,0
0.00021794,-10886.2,6.8039e+06,9.52828e+06,0
0.000218135,-10855.3,6.78454e+06,9.52828e+06,0
0.00021833,-10824.1,6.76507e+06,9.52828e+06,0
0.000218525,-10792.8,6.74548e+06,9.52828e+06,0
0.000218721,-10761.3,6.72579e+06,9.52828e+06,0
0.000218916,-10729.6,6.70599e+06,9.52828e+06,0
0.000219111,-10697.8,6.6861e+06,9.52828e+06,0
0.000219307,-10665.8,6.66611e+06,9.52828e+06,0
0.000219502,-10633.6,6.64603e+06,9.52828e+06,0
0.000219697,-10601.4,6.62584e+06,9.52828e+06,0
0.000219892,-10568.9,6.60558e+06,9.52828e+06,0
0.000220088,-10536.4,6.58524e+06,9.52828e+06,0
0.000220283,-10503.7,6.56484e+06,9.52828e+06,0
0.000220478,-10471,6.54438e+06,9.52828e+06,0
0.000220674,-10438.2,6.52387e+06,9.52828e+06,0
0.000220869,-10405.3,6.50332e+06,9.52828e+06,0
0.000221064,-10372.4,6.48275e+06,9.52828e+06,0
0.000221259,-10339.5,6.46217e+06,9.52828e+06,0
0.000221455,-10306.6,6.44161e+06,9.52828e+06,0
0.00022165,-10273.7,6.42106e+06,9.52828e+06,0
0.000221845,-10240.8,6.4005e+06,9.52828e+06,0
0.000222041,-10207.9,6.37992e+06,9.52828e+06,0
0.000222236,-10174.9,6.35929e+06,9.52828e+06,0
0.000222431,-10141.8,6.33862e+06,9.52828e+06,0
0.000222626,-10108.6,6.3179e+06,9.52828e+06,0
0.000222822,-10075.4,6.29714e+06,9.52828e+06,0
0.000223017,-10042.1,6.27632e+06,9.52828e+06,0
0.000223212,-10008.7,6.25542e+06,9.52828e+06,0
0.000223408,-9975.08,6.23442e+06,9.52828e+06,0
0.000223603,-9941.34,6.21333e+06,9.52828e+06,0
0.000223798,-9907.44,6.19215e+06,9.52828e+06,0
0.000223993,-9873.39,6.17087e+06,9.52828e+06,0
0.000224189,-9839.21,6.14951e+06,9.52828e+06,0
0.000224384,-9804.91,6.12807e+06,9.52828e+06,0
0.000224579,-9770.5,6.10656e+06,9.52828e+06,0
0.000224775,-9735.99,6.08499e+06,9.52828e+06,0
0.00022497,-9701.39,6.06337e+06,9.52828e+06,0
0.000225165,-9666.71,6.04169e+06,9.52828e+06,0
0.00022536,-9631.96,6.01997e+06,9.52828e+06,0
0.000225556,-9597.14,5.99821e+06,9.52828e+06,0
0.000225751,-9562.29,5.97643e+06,9.52828e+06,0
0.000225946,-9527.4,5.95462e+06,9.52828e+06,0
0.000226142,-9492.49,5.93281e+06,9.52828e+06,0
0.000226337,-9457.57,5.91098e+06,9.52828e+06,0
0.000226532,-9422.64,5.88915e+06,9.52828e+06,0
0.000226727,-9387.71,5.86732e+06,9.52828e+06,0
0.000226923,-9352.79,5.84549e+06,9.52828e+06,0
0.000227118,-9317.89,5.82368e+06,9.52828e+06,0
0.000227313,-9283.01,5.80188e+06,9.52828e+06,0
0.000227509,-9248.14,5.78009e+06,9.52828e+06,0
0.000227704,-9213.25,5.75828e+06,9.52828e+06,0
0.000227899,-9178.33,5.73646e+06,9.52828e+06,0
0.000228094,-9143.33,5.71458e+06,9.52828e+06,0
0.00022829,-9108.24,5.69265e+06,9.52828e+06,0
0.000228485,-9073.04,5.67065e+06,9.52828e+06,0
0.00022868,-9037.76,5.6486e+06,9.52828e+06,0
0.000228876,-9002.38,5.62649e+06,9.52828e+06,0
0.000229071,-8966.9,5.60431e+06,9.52828e+06,0
0.000229266,-8931.32,5.58207e+06,9.52828e+06,0
0.000229461,-8895.63,5.55977e+06,9.52828e+06,0
0.000229657,-8859.84,5.5374e+06,9.52828e+06,0
0.000229852,-8823.94,5.51496e+06,9.52828e+06,0
0.000230047,-8787.99,5.49249e+06,9.52828e+06,0
0.000230243,-8752.03,5.47002e+06,9.52828e+06,0
0.000230438,-8716.06,5.44754e+06,9.52828e+06,0
0.000230633,-8680.13,5.42508e+06,9.52828e+06,0
0.000230828,-8644.26,5.40266e+06,9.52828e+06,0
0.000231024,-8608.49,5.3803e+06,9.52828e+06,0
0.000231219,-8572.84,5.35802e+06,9.52828e+06,0
0.000231414,-8537.32,5.33583e+06,9.52828e+06,0
0.00023161,-8501.93,5.3137e+06,9.52828e+06,0
0.000231805,-8466.62,5.29164e+06,9.52828e+06,0
0.000232,-8431.39,5.26962e+06,9.52828e+06,0
0.000232195,-8396.21,5.24763e+06,9.52828e+06,0
0.000232391,-8361.07,5.22567e+06,9.52828e+06,0
0.000232586,-8325.97,5.20373e+06,9.52828e+06,0
0.000232781,-8290.87,5.18179e+06,9.52828e+06,0
0.000232977,-8255.78,5.15986e+06,9.52828e+06,0
0.000233172,-8220.67,5.13792e+06,9.52828e+06,0
0.000233367,-8185.52,5.11595e+06,9.52828e+06,0
0.000233562,-8150.34,5.09397e+06,9.52828e+06,0
0.000233758,-8115.1,5.07194e+06,9.52828e+06,0
0.000233953,-8079.76,5.04985e+06,9.52828e+06,0
0.000234148,-8044.32,5.0277e+06,9.52828e+06,0
0.000234344,-8008.81,5.00551e+06,9.52828e+06,0
0.000234539,-7973.26,4.98329e+06,9.52828e+06,0
0.000234734,-7937.7,4.96106e+06,9.52828e+06,0
0.000234929,-7902.17,4.93886e+06,9.52828e+06,0
0.000235125,-7866.7,4.91668e+06,9.52828e+06,0
0.00023532,-7831.3,4.89456e+06,9.52828e+06,0
0.000235515,-7795.99,4.87249e+06,9.52828e+06,0
0.000235711,-7760.78,4.85049e+06,9.52828e+06,0
0.000235906,-7725.68,4.82855e+06,9.52828e+06,0
0.000236101,-7690.7,4.80668e+06,9.52828e+06,0
0.000236297,-7655.85,4.7849e+06,9.52828e+06,0
0.000236492,-7621.14,4.76321e+06,9.52828e+06,0
0.000236687,-7586.58,4.74161e+06,9.52828e+06,0
0.000236882,-7552.15,4.7201e+06,9.52828e+06,0
0.000237078,-7517.85,4.69866e+06,9.52828e+06,0
0.000237273,-7483.68,4.6773e+06,9.52828e+06,0
0.000237468,-7449.62,4.65602e+06,9.52828e+06,0
0.000237664,-7415.66,4.63479e+06,9.52828e+06,0
0.000237859,-7381.76,4.6136e+06,9.52828e+06,0
0.000238054,-7347.95,4.59247e+06,9.52828e+06,0
0.000238249,-7314.21,4.57138e+06,9.52828e+06,0
0.000238445,-7280.5,4.55031e+06,9.52828e+06,0
0.00023864,-7246.79,4.52924e+06,9.52828e+06,0
0.000238835,-7213.08,4.50817e+06,9.52828e+06,0
0.000239031,-7179.37,4.4871e+06,9.52828e+06,0
0.000239226,-7145.68,4.46605e+06,9.52828e+06,0
0.000239421,-7112.06,4.44504e+06,9.52828e+06,0
0.000239616,-7078.54,4.42408e+06,9.52828e+06,0
0.000239812,-7045.1,4.40319e+06,9.52828e+06,0
0.000240007,-7011.75,4.38234e+06,9.52828e+06,0
0.000240202,-6978.53,4.36158e+06,9.52828e+06,0
0.000240398,-6945.44,4.3409e+06,9.52828e+06,0
0.000240593,-6912.46,4.32028e+06,9.52828e+06,0
0.000240788,-6879.6,4.29975e+06,9.52828e+06,0
0.000240983,-6846.9,4.27931e+06,9.52828e+06,0
0.000241179,-6814.36,4.25897e+06,9.52828e+06,0
0.000241374,-6781.99,4.23874e+06,9.52828e+06,0
0.000241569,-6749.79,4.21862e+06,9.52828e+06,0
0.000241765,-6717.82,4.19864e+06,9.52828e+06,0
0.00024196,-6686.07,4.17879e+06,9.52828e+06,0
0.000242155,-6654.52,4.15907e+06,9.52828e+06,0
0.00024235,-6623.18,4.13949e+06,9.52828e+06,0
0.000242546,-6592.03,4.12002e+06,9.52828e+06,0
0.000242741,-6561.05,4.10065e+06,9.52828e+06,0
0.000242936,-6530.18,4.08136e+06,9.52828e+06,0
0.000243132,-6499.42,4.06213e+06,9.52828e+06,0
0.000243327,-6468.74,4.04297e+06,9.52828e+06,0
0.000243522,-6438.18,4.02386e+06,9.52828e+06,0
0.000243717,-6407.74,4.00484e+06,9.52828e+06,0
0.000243913,-6377.44,3.9859e+06,9.52828e+06,0
0.000244108,-6347.3,3.96706e+06,9.52828e+06,0
0.000244303,-6317.31,3.94832e+06,9.52828e+06,0
0.000244499,-6287.45,3.92966e+06,9.52828e+06,0
0.000244694,-6257.71,3.91107e+06,9.52828e+06,0
0.000244889,-6228.07,3.89254e+06,9.52828e+06,0
0.000245084,-6198.55,3.87409e+06,9.52828e+06,0
0.00024528,-6169.13,3.85571e+06,9.52828e+06,0
0.000245475,-6139.82,3.83739e+06,9.52828e+06,0
0.00024567,-6110.61,3.81913e+06,9.52828e+06,0
0.000245866,-6081.51,3.80094e+06,9.52828e+06,0
0.000246061,-6052.53,3.78283e+06,9.52828e+06,0
0.000246256,-6023.7,3.76481e+06,9.52828e+06,0
0.000246451,-5995.01,3.74688e+06,9.52828e+06,0
0.000246647,-5966.47,3.72904e+06,9.52828e+06,0
0.000246842,-5938.08,3.7113e+06,9.52828e+06,0
0.000247037,-5909.84,3.69365e+06,9.52828e+06,0
0.000247233,-5881.75,3.67609e+06,9.52828e+06,0
0.000247428,-5853.78,3.65861e+06,9.52828e+06,0
0.000247623,-5825.89,3.64118e+06,9.52828e+06,0
0.000247818,-5798.06,3.62379e+06,9.52828e+06,0
0.000248014,-5770.26,3.60641e+06,9.52828e+06,0
0.000248209,-5742.5,3.58906e+06,9.52828e+06,0
0.000248404,-5714.81,3.57176e+06,9.52828e+06,0
0.0002486,-5687.21,3.5545e+06,9.52828e+06,0
0.000248795,-5659.69,3.53731e+06,9.52828e+06,0
0.00024899,-5632.29,3.52018e+06,9.52828e+06,0
0.000249185,-5604.98,3.50311e+06,9.52828e+06,0
0.000249381,-5577.74,3.48609e+06,9.52828e+06,0
0.000249576,-5550.55,3.46909e+06,9.52828e+06,0
0.000249771,-5523.38,3.45211e+06,9.52828e+06,0
0.000249967,-5496.24,3.43515e+06,9.52828e+06,0
0.000250162,-5469.11,3.41819e+06,9.52828e+06,0
0.000250357,-5442,3.40125e+06,9.52828e+06,0
0.000250552,-5414.9,3.38432e+06,9.52828e+06,0
0.000250748,-5387.81,3.36738e+06,9.52828e+06,0
0.000250943,-5360.72,3.35045e+06,9.52828e+06,0
0.000251138,-5333.64,3.33352e+06,9.52828e+06,0
0.000251334,-5306.62,3.31664e+06,9.52828e+06,0
0.000251529,-5279.7,3.29981e+06,9.52828e+06,0
0.000251724,-5252.86,3.28304e+06,9.52828e+06,0
0.000251919,-5226.12,3.26632e+06,9.52828e+06,0
0.000252115,-5199.46,3.24966e+06,9.52828e+06,0
0.00025231,-5172.87,3.23305e+06,9.52828e+06,0
0.000252505,-5146.37,3.21648e+06,9.52828e+06,0
0.000252701,-5119.94,3.19996e+06,9.52828e+06,0
0.000252896,-5093.59,3.18349e+06,9.52828e+06,0
0.000253091,-5067.31,3.16707e+06,9.52828e+06,0
0.000253286,-5041.1,3.15069e+06,9.52828e+06,0
0.000253482,-5014.96,3.13435e+06,9.52828e+06,0
0.000253677,-4988.86,3.11804e+06,9.52828e+06,0
0.000253872,-4962.78,3.10174e+06,9.52828e+06,0
0.000254068,-4936.73,3.08546e+06,9.52828e+06,0
0.000254263,-4910.71,3.06919e+06,9.52828e+06,0
0.000254458,-4884.7,3.05294e+06,9.52828e+06,0
0.000254653,-4858.71,3.0367e+06,9.52828e+06,0
0.000254849,-4832.73,3.02046e+06,9.52828e+06,0
0.000255044,-4806.75,3.00422e+06,9.52828e+06,0
0.000255239,-4780.77,2.98798e+06,9.52828e+06,0
0.000255435,-4754.8,2.97175e+06,9.52828e+06,0
0.00025563,-4728.82,2.95551e+06,9.52828e+06,0
0.000255825,-4702.83,2.93927e+06,9.52828e+06,0
0.00025602,-4676.84,2.92302e+06,9.52828e+06,0
0.000256216,-4650.83,2.90677e+06,9.52828e+06,0
0.000256411,-4624.82,2.89051e+06,9.52828e+06,0
0.000256606,-4598.8,2.87425e+06,9.52828e+06,0
0.000256802,-4572.77,2.85798e+06,9.52828e+06,0
0.000256997,-4546.74,2.84171e+06,9.52828e+06,0
0.000257192,-4520.71,2.82544e+06,9.52828e+06,0
0.000257387,-4494.69,2.80918e+06,9.52828e+06,0
0.000257583,-4468.68,2.79293e+06,9.52828e+06,0
0.000257778,-4442.67,2.77667e+06,9.52828e+06,0
0.000257973,-4416.66,2.76041e+06,9.52828e+06,0
0.000258169,-4390.65,2.74415e+06,9.52828e+06,0
0.000258364,-4364.64,2.7279e+06,9.52828e+06,0
0.000258559,-4338.63,2.71164e+06,9.52828e+06,0
0.000258754,-4312.62,2.69539e+06,9.52828e+06,0
0.00025895,-4286.62,2.67913e+06,9.52828e+06,0
0.000259145,-4260.61,2.66288e+06,9.52828e+06,0
0.00025934,-4234.59,2.64662e+06,9.52828e+06,0
0.000259536,-4208.55,2.63035e+06,9.52828e+06,0
0.000259731,-4182.49,2.61405e+06,9.52828e+06,0
0.000259926,-4156.39,2.59775e+06,9.52828e+06,0
0.000260121,-4130.27,2.58142e+06,9.52828e+06,0
0.000260317,-4104.13,2.56508e+06,9.52828e+06,0
0.000260512,-4077.97,2.54873e+06,9.52828e+06,0
0.000260707,-4051.79,2.53237e+06,9.52828e+06,0
0.000260903,-4025.61,2.516e+06,9.52828e+06,0
0.000261098,-3999.42,2.49963e+06,9.52828e+06,0
0.000261293,-3973.22,2.48327e+06,9.52828e+06,0
0.000261488,-3947.03,2.46689e+06,9.52828e+06,0
0.000261684,-3920.83,2.45052e+06,9.52828e+06,0
0.000261879,-3894.62,2.43413e+06,9.52828e+06,0
0.000262074,-3868.39,2.41774e+06,9.52828e+06,0
0.00026227,-3842.13,2.40133e+06,9.52828e+06,0
0.000262465,-3815.86,2.38491e+06,9.52828e+06,0
0.00026266,-3789.55,2.36847e+06,9.52828e+06,0
0.000262855,-3763.21,2.35201e+06,9.52828e+06,0
0.000263051,-3736.83,2.33552e+06,9.52828e+06,0
0.000263246,-3710.41,2.31901e+06,9.52828e+06,0
0.000263441,-3683.97,2.30248e+06,9.52828e+06,0
0.000263637,-3657.48,2.28593e+06,9.52828e+06,0
0.000263832,-3630.96,2.26935e+06,9.52828e+06,0
0.000264027,-3604.41,2.25276e+06,9.52828e+06,0
0.000264222,-3577.82,2.23614e+06,9.52828e+06,0
0.000264418,-3551.18,2.21949e+06,9.52828e+06,0
0.000264613,-3524.51,2.20282e+06,9.52828e+06,0
0.000264808,-3497.78,2.18612e+06,9.52828e+06,0
0.000265004,-3471.02,2.16939e+06,9.52828e+06,0
0.000265199,-3444.21,2.15263e+06,9.52828e+06,0
0.000265394,-3417.37,2.13585e+06,9.52828e+06,0
0.000265589,-3390.49,2.11906e+06,9.52828e+06,0
0.000265785,-3363.58,2.10224e+06,9.52828e+06,0
0.00026598,-3336.64,2.0854e+06,9.52828e+06,0
0.000266175,-3309.67,2.06854e+06,9.52828e+06,0
0.000266371,-3282.66,2.05166e+06,9.52828e+06,0
0.000266566,-3255.61,2.03475e+06,9.52828e+06,0
0.000266761,-3228.52,2.01782e+06,9.52828e+06,0
0.000266956,-3201.39,2.00087e+06,9.52828e+06,0
0.000267152,-3174.22,1.98389e+06,9.52828e+06,0
0.000267347,-3147.01,1.96688e+06,9.52828e+06,0
0.000267542,-3119.75,1.94985e+06,9.52828e+06,0
0.000267738,-3092.46,1.93279e+06,9.52828e+06,0
0.000267933,-3065.12,1.9157e+06,9.52828e+06,0
0.000268128,-3037.75,1.89859e+06,9.52828e+06,0
0.000268323,-3010.34,1.88146e+06,9.52828e+06,0
0.000268519,-2982.89,1.86431e+06,9.52828e+06,0
0.000268714,-2955.4,1.84713e+06,9.52828e+06,0
0.000268909,-2927.87,1.82992e+06,9.52828e+06,0
0.000269105,-2900.31,1.81269e+06,9.52828e+06,0
0.0002693,-2872.72,1.79545e+06,9.52828e+06,0
0.000269495,-2845.12,1.7782e+06,9.52828e+06,0
0.00026969,-2817.52,1.76095e+06,9.52828e+06,0
0.000269886,-2789.91,1.7437e+06,9.52828e+06,0
0.000270081,-2762.31,1.72644e+06,9.52828e+06,0
0.000270276,-2734.7,1.70918e+06,9.52828e+06,0
0.000270472,-2707.08,1.69192e+06,9.52828e+06,0
0.000270667,-2679.44,1.67465e+06,9.52828e+06,0
0.000270862,-2651.77,1.65736e+06,9.52828e+06,0
0.000271057,-2624.07,1.64005e+06,9.52828e+06,0
0.000271253,-2596.35,1.62272e+06,9.52828e+06,0
0.000271448,-2568.59,1.60537e+06,9.52828e+06,0
0.000271643,-2540.8,1.588e+06,9.52828e+06,0
0.000271839,-2512.98,1.57061e+06,9.52828e+06,0
0.000272034,-2485.12,1.5532e+06,9.52828e+06,0
0.000272229,-2457.22,1.53576e+06,9.52828e+06,0
0.000272424,-2429.28,1.5183e+06,9.52828e+06,0
0.00027262,-2401.31,1.50082e+06,9.52828e+06,0
0.000272815,-2373.28,1.4833e+06,9.52828e+06,0
0.00027301,-2345.21,1.46576e+06,9.52828e+06,0
0.000273206,-2317.09,1.44818e+06,9.52828e+06,0
0.000273401,-2288.93,1.43058e+06,9.52828e+06,0
0.000273596,-2260.72,1.41295e+06,9.52828e+06,0
0.000273791,-2232.48,1.3953e+06,9.52828e+06,0
0.000273987,-2204.21,1.37763e+06,9.52828e+06,0
0.000274182,-2175.92,1.35995e+06,9.52828e+06,0
0.000274377,-2147.61,1.34225e+06,9.52828e+06,0
0.000274573,-2119.28,1.32455e+06,9.52828e+06,0
0.000274768,-2090.93,1.30683e+06,9.52828e+06,0
0.000274963,-2062.58,1.28911e+06,9.52828e+06,0
0.000275158,-2034.22,1.27138e+06,9.52828e+06,0
0.000275354,-2005.84,1.25365e+06,9.52828e+06,0
0.000275549,-1977.46,1.23592e+06,9.52828e+06,0
0.000275744,-1949.08,1.21817e+06,9.52828e+06,0
0.00027594,-1920.68,1.20042e+06,9.52828e+06,0
0.000276135,-1892.26,1.18267e+06,9.52828e+06,0
0.00027633,-1863.83,1.16489e+06,9.52828e+06,0
0.000276525,-1835.37,1.14711e+06,9.52828e+06,0
0.000276721,-1806.88,1.1293e+06,9.52828e+06,0
0.000276916,-1778.35,1.11147e+06,9.52828e+06,0
0.000277111,-1749.77,1.09361e+06,9.52828e+06,0
0.000277307,-1721.15,1.07572e+06,9.52828e+06,0
0.000277502,-1692.47,1.0578e+06,9.52828e+06,0
0.000277697,-1663.74,1.03984e+06,9.52828e+06,0
0.000277892,-1634.95,1.02185e+06,9.52828e+06,0
0.000278088,-1606.11,1.00382e+06,9.52828e+06,0
0.000278283,-1577.2,985751,9.52828e+06,0
0.000278478,-1548.24,967648,9.52828e+06,0
0.000278674,-1519.22,949513,9.52828e+06,0
0.000278869,-1490.16,931350,9.52828e+06,0
0.000279064,-1461.06,913163,9.52828e+06,0
0.00027926,-1431.93,894957,9.52828e+06,0
0.000279455,-1402.78,876737,9.52828e+06,0
0.00027965,-1373.61,858506,9.52828e+06,0
0.000279845,-1344.42,840265,9.52828e+06,0
0.000280041,-1315.22,822015,9.52828e+06,0
0.000280236,-1286.01,803755,9.52828e+06,0
0.000280431,-1256.78,785490,9.52828e+06,0
0.000280627,-1227.57,767229,9.52828e+06,0
0.000280822,-1198.36,748974,9.52828e+06,0
0.000281017,-1169.16,730722,9.52828e+06,0
0.000281212,-1139.96,712476,9.52828e+06,0
0.000281408,-1110.77,694231,9.52828e+06,0
0.000281603,-1081.57,675984,9.52828e+06,0
0.000281798,-1052.36,657727,9.52828e+06,0
0.000281994,-1023.13,639457,9.52828e+06,0
0.000282189,-993.868,621168,9.52828e+06,0
0.000282384,-964.571,602857,9.52828e+06,0
0.000282579,-935.235,584522,9.52828e+06,0
0.000282775,-905.859,566162,9.52828e+06,0
0.00028297,-876.438,547774,9.52828e+06,0
0.000283165,-846.971,529357,9.52828e+06,0
0.000283361,-817.46,510913,9.52828e+06,0
0.000283556,-787.902,492439,9.52828e+06,0
0.000283751,-758.293,473933,9.52828e+06,0
0.000283946,-728.632,455395,9.52828e+06,0
0.000284142,-698.916,436823,9.52828e+06,0
0.000284337,-669.146,418216,9.52828e+06,0
0.000284532,-639.321,399575,9.52828e+06,0
0.000284728,-609.441,380901,9.52828e+06,0
0.000284923,-579.51,362193,9.52828e+06,0
0.000285118,-549.53,343456,9.52828e+06,0
0.000285313,-519.502,324689,9.52828e+06,0
0.000285509,-489.423,305889,9.52828e+06,2
0.000285704,-459.176,286985,9.52828e+06,20
0.000285899,-427.926,267454,9.52828e+06,52
0.000286095,-393.622,246014,9.52828e+06,106
0.00028629,-353.074,220671,9.52828e+06,152
0.000286485,-304.06,190038,9.52828e+06,188
0.00028668,-246.64,154150,9.52828e+06,200
0.000286876,-184.065,115041,9.52828e+06,200
0.000287071,-120.536,75334.9,9.52828e+06,200
0.000287266,-60.4637,37789.8,9.52828e+06,200
0.000287462,-7.37339,4608.37,9.52828e+06,200
0.000287657,35.3319,22082.5,9.52828e+06,200
0.000287852,63.8577,39911,9.52828e+06,200
0.000288047,76.1023,47563.9,9.52828e+06,200
0.000288243,70.7429,44214.3,9.52828e+06,200
0.000288438,49.4684,30917.8,9.52828e+06,200
0.000288633,14.0354,8772.1,9.52828e+06,200
0.000288829,-30.8095,19256,9.52828e+06,200
0.000289024,-80.5465,50341.6,9.52828e+06,200
0.000289219,-131.159,81974.4,9.52828e+06,200
0.000289414,-180.317,112698,9.52828e+06,200
0.00028961,-225.374,140859,9.52828e+06,200
0.000289805,-263.851,164907,9.52828e+06,200
0.00029,-293.892,183682,9.52828e+06,200
0.000290196,-314.513,196571,9.52828e+06,200
0.000290391,-325.377,203361,9.52828e+06,200
0.000290586,-326.405,204003,9.52828e+06,200
0.000290781,-317.792,198620,9.52828e+06,200
0.000290977,-299.97,187482,9.52828e+06,200
0.000291172,-273.239,170774,9.52828e+06,200
0.000291367,-238.116,148823,9.52828e+06,200
0.000291563,-196.081,122550,9.52828e+06,200
0.000291758,-149.738,93586,9.52828e+06,200
0.000291953,-101.454,63409,9.52828e+06,200
0.000292148,-54.0567,33785.5,9.52828e+06,200
0.000292344,-10.1757,6359.8,9.52828e+06,200
0.000292539,26.6647,16665.4,9.52828e+06,200
0.000292734,52.7939,32996.2,9.52828e+06,200
0.00029293,65.6553,41034.6,9.52828e+06,200
0.000293125,64.0655,40041,9.52828e+06,200
0.00029332,48.8481,30530.1,9.52828e+06,200
0.000293515,21.9752,13734.5,9.52828e+06,200
0.000293711,-12.9013,8063.3,9.52828e+06,200
0.000293906,-52.047,32529.4,9.52828e+06,200
0.000294101,-93.3004,58312.8,9.52828e+06,200
0.000294297,-134.61,84131.1,9.52828e+06,200
0.000294492,-173.275,108297,9.52828e+06,200
0.000294687,-206.878,129299,9.52828e+06,200
0.000294882,-233.992,146245,9.52828e+06,200
0.000295078,-253.631,158519,9.52828e+06,200
0.000295273,-265.382,165863,9.52828e+06,200
0.000295468,-269.433,168395,9.52828e+06,200
0.000295664,-265.895,166185,9.52828e+06,200
0.000295859,-254.569,159106,9.52828e+06,200
0.000296054,-235.332,147082,9.52828e+06,200
0.000296249,-208.754,130471,9.52828e+06,200
0.000296445,-176.151,110094,9.52828e+06,200
0.00029664,-139.369,87105.7,9.52828e+06,200
0.000296835,-100.184,62615,9.52828e+06,200
0.000297031,-60.8586,38036.6,9.52828e+06,200
0.000297226,-23.5952,14747,9.52828e+06,200
0.000297421,8.43014,5268.84,9.52828e+06,200
0.000297616,31.8234,19889.6,9.52828e+06,200
0.000297812,44.3223,27701.4,9.52828e+06,200
0.000298007,44.9477,28092.3,9.52828e+06,200
0.000298202,34.4676,21542.2,9.52828e+06,200
0.000298398,14.7748,9234.25,9.52828e+06,200
0.000298593,-11.3568,7098.01,9.52828e+06,200
0.000298788,-41.5038,25939.9,9.52828e+06,200
0.000298983,-74.0206,46262.9,9.52828e+06,200
0.000299179,-107.332,67082.7,9.52828e+06,200
0.000299374,-139.379,87112,9.52828e+06,200
0.000299569,-168.314,105196,9.52828e+06,200
0.000299765,-192.559,120349,9.52828e+06,200
0.00029996,-211.033,131896,9.52828e+06,200
0.000300155,-223.207,139504,9.52828e+06,200
0.00030035,-229.007,143129,9.52828e+06,200
0.000300546,-228.284,142677,9.52828e+06,200
0.000300741,-220.708,137942,9.52828e+06,200
0.000300936,-206.173,128858,9.52828e+06,200
0.000301132,-185.266,115792,9.52828e+06,200
0.000301327,-159.082,99426.5,9.52828e+06,200
0.000301522,-128.922,80576.3,9.52828e+06,200
0.000301717,-96.5324,60332.7,9.52828e+06,200
0.000301913,-63.8213,39888.3,9.52828e+06,200
0.000302108,-32.866,20541.2,9.52828e+06,200
0.000302303,-6.60438,4127.74,9.52828e+06,200
0.000302499,12.2511,7656.94,9.52828e+06,200
0.000302694,21.8931,13683.2,9.52828e+06,200
0.000302889,21.7352,13584.5,9.52828e+06,200
0.000303084,12.8529,8033.06,9.52828e+06,200
0.00030328,-2.5164,1572.75,9.52828e+06,200
0.000303475,-22.0633,13789.6,9.52828e+06,200
0.00030367,-44.3587,27724.2,9.52828e+06,200
0.000303866,-68.4021,42751.3,9.52828e+06,200
0.000304061,-93.4822,58426.4,9.52828e+06,200
0.000304256,-118.563,74101.6,9.52828e+06,200
0.000304451,-142.092,88807.2,9.52828e+06,200
0.000304647,-162.506,101566,9.52828e+06,200
0.000304842,-178.663,111664,9.52828e+06,200
0.000305037,-189.855,118660,9.52828e+06,200
0.000305233,-195.829,122393,9.52828e+06,200
0.000305428,-196.43,122769,9.52828e+06,200
0.000305623,-191.354,119596,9.52828e+06,200
0.000305818,-180.446,112779,9.52828e+06,200
0.000306014,-163.929,102456,9.52828e+06,200
0.000306209,-142.544,89089.9,9.52828e+06,200
0.000306404,-117.575,73484.6,9.52828e+06,200
0.0003066,-90.584,56615,9.52828e+06,200
0.000306795,-63.1588,39474.3,9.52828e+06,200
0.00030699,-37.4281,23392.6,9.52828e+06,200
0.000307185,-16.1262,10078.8,9.52828e+06,200
0.000307381,-1.6223,1013.94,9.52828e+06,200
0.000307576,4.63241,2895.26,9.52828e+06,200
0.000307771,2.44564,1528.52,9.52828e+06,200
0.000307967,-6.74487,4215.54,9.52828e+06,200
0.000308162,-20.6762,12922.6,9.52828e+06,200
0.000308357,-36.8841,23052.6,9.52828e+06,200
0.000308552,-53.8981,33686.3,9.52828e+06,200
0.000308748,-71.3642,44602.6,9.52828e+06,200
0.000308943,-89.2733,55795.8,9.52828e+06,200
0.000309138,-107.367,67104.5,9.52828e+06,200
0.000309334,-124.845,78028,9.52828e+06,200
0.000309529,-140.532,87832.3,9.52828e+06,200
0.000309724,-153.294,95808.9,9.52828e+06,200
0.000309919,-162.367,101480,9.52828e+06,200
0.000310115,-167.258,104536,9.52828e+06,200
0.00031031,-167.694,104809,9.52828e+06,200
0.000310505,-163.459,102162,9.52828e+06,200
0.000310701,-154.469,96543,9.52828e+06,200
0.000310896,-140.906,88066.1,9.52828e+06,200
0.000311091,-123.273,77045.6,9.52828e+06,200
0.000311286,-102.536,64084.7,9.52828e+06,200
0.000311482,-79.959,49974.4,9.52828e+06,200
0.000311677,-56.9524,35595.2,9.52828e+06,200
0.000311872,-35.5358,22209.9,9.52828e+06,200
0.000312068,-18.4342,11521.4,9.52828e+06,200
0.000312263,-7.9886,4992.88,9.52828e+06,200
0.000312458,-5.41122,3382.01,9.52828e+06,200
0.000312653,-10.3922,6495.1,9.52828e+06,200
0.000312849,-21.2214,13263.4,9.52828e+06,200
0.000313044,-35.4708,22169.2,9.52828e+06,200
0.000313239,-50.5386,31586.6,9.52828e+06,200
0.000313435,-64.8932,40558.3,9.52828e+06,200
0.00031363,-78.3983,48999,9.52828e+06,200
0.000313825,-91.2779,57048.7,9.52828e+06,200
0.00031402,-103.732,64832.6,9.52828e+06,200
0.000314216,-115.694,72308.9,9.52828e+06,200
0.000314411,-126.561,79100.9,9.52828e+06,200
0.000314606,-135.593,84745.5,9.52828e+06,200
0.000314802,-142.007,88754.1,9.52828e+06,200
0.000314997,-144.986,90616.1,9.52828e+06,200
0.000315192,-144.135,90084.6,9.52828e+06,200
0.000315387,-139.344,87090.2,9.52828e+06,200
0.000315583,-130.705,81690.5,9.52828e+06,200
0.000315778,-118.569,74105.9,9.52828e+06,200
0.000315973,-103.397,64623,9.52828e+06,200
0.000316169,-85.832,53645,9.52828e+06,200
0.000316364,-66.7442,41715.1,9.52828e+06,200
0.000316559,-47.2992,29562,9.52828e+06,200
0.000316754,-29.5522,18470.1,9.52828e+06,200
0.00031695,-16.3602,10225.1,9.52828e+06,200
0.000317145,-9.95391,6221.19,9.52828e+06,200
0.00031734,-11.0956,6934.73,9.52828e+06,200
0.000317536,-19.1101,11943.8,9.52828e+06,200
0.000317731,-32.0953,20059.6,9.52828e+06,200
0.000317926,-47.3802,29612.6,9.52828e+06,200
0.000318121,-62.3752,38984.5,9.52828e+06,200
0.000318317,-75.9167,47447.9,9.52828e+06,200
0.000318512,-87.7166,54822.9,9.52828e+06,200
0.000318707,-97.7655,61103.4,9.52828e+06,200
0.000318903,-106.338,66461,9.52828e+06,200
0.000319098,-113.858,71161.1,9.52828e+06,200
0.000319293,-120.406,75253.5,9.52828e+06,200
0.000319488,-125.747,78591.8,9.52828e+06,200
0.000319684,-129.497,80935.7,9.52828e+06,200
0.000319879,-130.749,81718.3,9.52828e+06,200
0.000320074,-128.568,80354.7,9.52828e+06,200
0.00032027,-122.736,76709.7,9.52828e+06,200
0.000320465,-113.485,70927.9,9.52828e+06,200
0.00032066,-101.249,63280.5,9.52828e+06,200
0.000320855,-86.5935,54120.9,9.52828e+06,200
0.000321051,-70.1643,43852.7,9.52828e+06,200
0.000321246,-52.8455,33028.5,9.52828e+06,200
0.000321441,-35.6589,22286.8,9.52828e+06,200
0.000321637,-20.6975,12935.9,9.52828e+06,200
0.000321832,-10.877,6798.1,9.52828e+06,200
0.000322027,-8.15254,5095.33,9.52828e+06,200
0.000322223,-12.7476,7967.25,9.52828e+06,200
0.000322418,-23.7567,14848,9.52828e+06,200
0.000322613,-39.0848,24428,9.52828e+06,200
0.000322808,-55.6817,34801.1,9.52828e+06,200
0.000323004,-71.3485,44592.8,9.52828e+06,200
0.000323199,-85.3377,53336,9.52828e+06,200
0.000323394,-97.1685,60730.3,9.52828e+06,200
0.00032359,-106.516,66572.6,9.52828e+06,200
0.000323785,-113.403,70876.8,9.52828e+06,200
0.00032398,-118.329,73955.5,9.52828e+06,200
0.000324175,-121.65,76031.2,9.52828e+06,200
0.000324371,-123.619,77261.6,9.52828e+06,200
0.000324566,-124.255,77659.3,9.52828e+06,200
0.000324761,-123.111,76944.1,9.52828e+06,200
0.000324957,-119.492,74682.5,9.52828e+06,200
0.000325152,-112.718,70448.6,9.52828e+06,200
0.000325347,-102.619,64137.1,9.52828e+06,200
0.000325542,-89.5746,55984.1,9.52828e+06,200
0.000325738,-74.2233,46389.5,9.52828e+06,200
0.000325933,-57.3261,35828.8,9.52828e+06,200
0.000326128,-39.8298,24893.6,9.52828e+06,200
0.000326324,-23.1371,14460.7,9.52828e+06,200
0.000326519,-9.76678,6104.24,9.52828e+06,200
0.000326714,-2.47096,1544.35,9.52828e+06,200
0.000326909,-2.6616,1663.5,9.52828e+06,200
0.000327105,-10.2288,6393,9.52828e+06,200
0.0003273,-24.1034,15064.6,9.52828e+06,200
0.000327495,-41.788,26117.5,9.52828e+06,200
0.000327691,-60.112,37570,9.52828e+06,200
0.000327886,-77.3254,48328.4,9.52828e+06,200
0.000328081,-92.6602,57912.6,9.52828e+06,200
0.000328276,-105.518,65948.6,9.52828e+06,200
0.000328472,-115.488,72180.2,9.52828e+06,200
0.000328667,-122.445,76528.4,9.52828e+06,200
0.000328862,-126.555,79097,9.52828e+06,200
0.000329058,-128.09,80056.5,9.52828e+06,200
0.000329253,-127.5,79687.6,9.52828e+06,200
0.000329448,-125.148,78217.5,9.52828e+06,200
0.000329643,-121.065,75665.5,9.52828e+06,200
0.000329839,-115.164,71977.2,9.52828e+06,200
0.000330034,-106.905,66815.5,9.52828e+06,200
0.000330229,-95.781,59863.1,9.52828e+06,200
0.000330425,-81.8824,51176.5,9.52828e+06,200
0.00033062,-65.6542,41033.9,9.52828e+06,200
0.000330815,-47.8412,29900.7,9.52828e+06,200
0.00033101,-29.5519,18469.9,9.52828e+06,200
0.000331206,-12.8657,8041.08,9.52828e+06,200
0.000331401,-0.381777,238.61,9.52828e+06,200
0.000331596,5.42104,3388.15,9.52828e+06,200
0.000331792,3.25376,2033.6,9.52828e+06,200
0.000331987,-6.52598,4078.74,9.52828e+06,200
0.000332182,-22.3935,13996,9.52828e+06,200
0.000332377,-41.63,26018.7,9.52828e+06,200
0.000332573,-61.3819,38363.7,9.52828e+06,200
0.000332768,-80.1115,50069.7,9.52828e+06,200
0.000332963,-96.8281,60517.5,9.52828e+06,200
0.000333159,-110.782,69238.5,9.52828e+06,200
0.000333354,-121.665,76040.8,9.52828e+06,200
0.000333549,-129.381,80863.2,9.52828e+06,200
0.000333744,-133.863,83664.4,9.52828e+06,200
0.00033394,-135.176,84485.3,9.52828e+06,200
0.000334135,-133.545,83465.8,9.52828e+06,200
0.00033433,-129.255,80784.3,9.52828e+06,200
0.000334526,-122.706,76691.1,9.52828e+06,200
0.000334721,-114.178,71361,9.52828e+06,200
0.000334916,-103.712,64819.8,9.52828e+06,200
0.000335111,-91.0921,56932.6,9.52828e+06,200
0.000335307,-76.2117,47632.3,9.52828e+06,200
0.000335502,-59.2534,37033.4,9.52828e+06,200
0.000335697,-40.7561,25472.5,9.52828e+06,200
0.000335893,-22.3018,13938.6,9.52828e+06,200
0.000336088,-6.2467,3904.19,9.52828e+06,200
0.000336283,5.04588,3153.68,9.52828e+06,200
0.000336478,9.6055,6003.44,9.52828e+06,200
0.000336674,6.36371,3977.32,9.52828e+06,200
0.000336869,-4.24554,2653.46,9.52828e+06,200
0.000337064,-20.6067,12879.2,9.52828e+06,200
0.00033726,-40.2831,25176.9,9.52828e+06,200
0.000337455,-60.806,38003.7,9.52828e+06,200
0.00033765,-80.4677,50292.3,9.52828e+06,200
0.000337845,-98.0993,61312,9.52828e+06,200
