name,mode,ins,pen,soft,wall,dt,sn_pk_ft,tau_pk_c,sn_at_pk_ft,W,W_GI,W_GII,dn_rupt_um,ds_rupt_um,dn_pic_um,ds_pic_um
b1_II_adapt_p100_lin,II,adapt,100,lin,0.986154,2.90782e-08,nan,1.01259,-2.53148,9.89536,9.99582,0.999582,43.4762,191.455,-0.000283727,0.138569
b1_II_adapt_p100_yan,II,adapt,100,yan,1.04608,2.90782e-08,nan,1.01238,-2.53094,9.89475,9.99521,0.999521,56.3502,196.521,0.000692706,1.90695
b1_II_adapt_p10_lin,II,adapt,10,lin,0.433023,8.78451e-08,nan,1.00856,-2.5214,9.89449,9.99494,0.999494,42.25,190.107,-0.0010518,0.304368
b1_II_adapt_p10_yan,II,adapt,10,yan,0.39762,8.78451e-08,nan,1.01171,-2.52929,9.89519,9.99565,0.999565,32.4135,169.616,-0.00249084,1.64049
b1_II_intri_p100_lin,II,intri,100,lin,0.829463,2.90782e-08,nan,1.01267,-2.53168,9.89628,9.99675,0.999675,45.8905,193.738,-0.0476033,0.123331
b1_II_intri_p100_yan,II,intri,100,yan,0.925384,2.90782e-08,nan,1.01247,-2.53118,9.89546,9.99592,0.999592,58.1992,198.493,-0.0469757,1.73708
b1_II_intri_p10_lin,II,intri,10,lin,0.415265,8.78451e-08,nan,1.01244,-2.53109,9.90331,10.0039,1.00039,43.9587,188.107,-0.477588,0.75305
b1_II_intri_p10_yan,II,intri,10,yan,0.430352,8.78451e-08,nan,1.01216,-2.5304,9.90249,10.003,1.0003,52.8704,193.861,-0.477494,0.703459
b1_I_adapt_p100_lin,I,adapt,100,lin,0.669373,2.93635e-08,1.01749,nan,1.01749,0.699428,0.999183,0.0999183,20.1155,4.20823e-10,0.0063893,1.75072e-09
b1_I_adapt_p100_yan,I,adapt,100,yan,0.660654,2.93635e-08,1.01741,nan,1.01741,0.699363,0.99909,0.099909,20.852,1.76625e-09,0.0062615,1.77195e-10
b1_I_adapt_p10_lin,I,adapt,10,lin,0.299543,8.8142e-08,1.01752,nan,1.01752,0.698285,0.99755,0.099755,19.9885,3.5113e-10,0.00795,2.46166e-08
b1_I_adapt_p10_yan,I,adapt,10,yan,0.247089,8.8142e-08,1.01742,nan,1.01742,0.698091,0.997273,0.0997273,20.7568,2.83414e-09,0.007752,3.77397e-08
b1_I_intri_p100_lin,I,intri,100,lin,0.829781,2.93635e-08,1.01612,nan,1.01612,0.700212,1.0003,0.10003,20.3539,3.4475e-05,0.0220554,2.50202e-08
b1_I_intri_p100_yan,I,intri,100,yan,0.678172,2.93635e-08,1.01603,nan,1.01603,0.700145,1.00021,0.100021,21.0193,1.94257e-06,0.0219995,1.33644e-08
b1_I_intri_p10_lin,I,intri,10,lin,0.327311,8.8142e-08,1.00346,nan,1.00346,0.706146,1.00878,0.100878,20.5653,9.23133e-05,0.309991,1.15009e-05
b1_I_intri_p10_yan,I,intri,10,yan,0.340483,8.8142e-08,1.0029,nan,1.0029,0.706108,1.00873,0.100873,20.3353,1.22377e-05,0.297789,6.97797e-06
b1_mix_adapt_p100_lin,mix,adapt,100,lin,0.909026,2.90782e-08,1.08219,0.432874,1.08219,1.87481,1.89384,0.189384,5.2297,62.2825,0.0617669,0.286065
b1_mix_adapt_p100_yan,mix,adapt,100,yan,1.1948,2.90782e-08,1.01223,0.404892,1.01223,1.04977,1.06043,0.106043,44.7915,26.0117,0.901803,7.89876e-05
b1_mix_adapt_p10_lin,mix,adapt,10,lin,0.366578,8.78451e-08,1.04729,0.418916,1.04729,2.55763,2.5836,0.25836,7.94059,64.3821,0.0314659,0.00129289
b1_mix_adapt_p10_yan,mix,adapt,10,yan,0.354784,8.78451e-08,1.01207,0.404826,1.01207,1.04336,1.05395,0.105395,43.8038,24.6371,0.757083,0.000958115
b1_mix_intri_p100_lin,mix,intri,100,lin,0.887142,2.90782e-08,1.08403,0.433612,1.08403,1.85674,1.87559,0.187559,5.02843,61.6134,0.0532436,0.0471837
b1_mix_intri_p100_yan,mix,intri,100,yan,0.875636,2.90782e-08,1.01224,0.404894,1.01224,1.05224,1.06292,0.106292,44.0238,24.9124,0.7866,0.01893
b1_mix_intri_p10_lin,mix,intri,10,lin,0.412826,8.78451e-08,1.04628,0.418512,1.04628,2.61063,2.63713,0.263713,8.31663,64.1739,0.327291,0.190119
b1_mix_intri_p10_yan,mix,intri,10,yan,0.380169,8.78451e-08,1.01204,0.404816,1.01204,1.06767,1.07851,0.107851,44.4654,26.2848,0.285142,0.19102
