cle,elements,joints,contact,Cundall,frontieres,outil->solide,charges,integration
bar,0.00400278,-0,-0,3.85863e-05,-0,0,0.00404135,+4.50796e-08
rupt,0.00237479,0.0277763,-0,-0,-0,0,0,+0.00100499
zl_bench1,1.45046e-21,2.93972e-19,-0,3.26769e-20,7.29034e-22,0,,+3.63749e-19
perc3d_20us,0.247743,0.0297229,-0,0.00521416,8.24492e-09,0.293916,,+0.00356074
perc_goff,4.15152e-12,4.14514e-13,-0,8.31782e-12,1.19756e-11,0,,+8.30081e-13
perc_gon,4.15152e-12,4.14514e-13,-0,8.31782e-12,1.19756e-11,0,,+8.30081e-13
t1_pen,2.08337,3.59194,3.83114e-05,8.83328,-0,13.9888,,+8.45625
t1_sig,0.0151476,0.107422,-0,1.67212,-0,2.97613,,+0.0270127
perc2d,4547.71,854.88,9991.5,2758.83,13.4158,86.908,,+18392.6
