test,phase,t,vAx,vBx,Px,W_contact,Ec
potentiel_2D,1,0.0,1.0,0.0,3.0,0.0,1.5
potentiel_2D,1,0.02,1.0,0.0,3.0,0.0,1.5
potentiel_2D,1,0.04,1.0,0.0,3.0,0.0,1.5
potentiel_2D,1,0.06,1.0,0.0,3.0,0.0,1.5
potentiel_2D,1,0.08,1.0,0.0,3.0,0.0,1.5
potentiel_2D,1,0.1,1.0,0.0,3.0,0.0,1.5
potentiel_2D,1,0.12,1.0,0.0,3.0,0.0,1.5
potentiel_2D,1,0.14,1.0,0.0,3.0,0.0,1.5
potentiel_2D,1,0.16,1.0,0.0,3.0,0.0,1.5
potentiel_2D,1,0.18,1.0,0.0,3.0,0.0,1.5
potentiel_2D,1,0.2,1.0,0.0,3.0,0.0,1.5
potentiel_2D,1,0.22,0.999329,0.000671449,3.0000013470000004,-0.00201301,1.49799
potentiel_2D,1,0.24,0.994661,0.00533905,3.00000015,-0.015932,1.48407
potentiel_2D,1,0.26,0.982117,0.0178833,3.0000009,-0.0526932,1.44731
potentiel_2D,1,0.28,0.958153,0.0418468,2.9999994,-0.120299,1.37971
potentiel_2D,1,0.3,0.919923,0.080077,3.0,-0.221028,1.27901
potentiel_2D,1,0.32,0.865701,0.134299,3.0,-0.348867,1.15121
potentiel_2D,1,0.34,0.795285,0.204715,3.0,-0.488573,1.01158
potentiel_2D,1,0.36,0.710256,0.289744,3.0,-0.617638,0.882623
potentiel_2D,1,0.38,0.613987,0.386013,3.0,-0.711422,0.788979
potentiel_2D,1,0.4,0.511333,0.488667,3.0,-0.750174,0.750385
potentiel_2D,1,0.42,0.408034,0.591966,3.0,-0.725346,0.775373
potentiel_2D,1,0.44,0.309917,0.690083,3.0,-0.642469,0.858394
potentiel_2D,1,0.46,0.222093,0.777907,3.0,-0.519282,0.981697
potentiel_2D,1,0.48,0.148293,0.851707,3.0,-0.379969,1.12109
potentiel_2D,1,0.5,0.0904997,0.9095,2.9999990999999997,-0.24804,1.25307
potentiel_2D,1,0.52,0.0488838,0.951116,2.9999994,-0.14062,1.36052
potentiel_2D,1,0.54,0.0220212,0.977979,3.0000006000000004,-0.0657578,1.43539
potentiel_2D,1,0.56,0.00727204,0.992728,3.00000012,-0.02281,1.47834
potentiel_2D,1,0.58,0.00121121,0.998789,3.00000063,-0.00478235,1.49637
potentiel_2D,1,0.6,7.14279e-06,0.999993,3.00000042837,-0.00117459,1.49998
potentiel_2D,1,0.62,-1.86479e-12,1.0,2.9999999999944054,-0.00115316,1.5
potentiel_2D,1,0.64,-1.86479e-12,1.0,2.9999999999944054,-0.00115316,1.5
potentiel_2D,1,0.66,-1.86479e-12,1.0,2.9999999999944054,-0.00115316,1.5
potentiel_2D,1,0.68,-1.86479e-12,1.0,2.9999999999944054,-0.00115316,1.5
potentiel_2D,1,0.7,-1.86479e-12,1.0,2.9999999999944054,-0.00115316,1.5
potentiel_2D,1,0.72,-1.86479e-12,1.0,2.9999999999944054,-0.00115316,1.5
potentiel_2D,1,0.74,-1.86479e-12,1.0,2.9999999999944054,-0.00115316,1.5
potentiel_2D,1,0.76,-1.86479e-12,1.0,2.9999999999944054,-0.00115316,1.5
potentiel_2D,1,0.78,-1.86479e-12,1.0,2.9999999999944054,-0.00115316,1.5
potentiel_2D,1,0.8,-1.86479e-12,1.0,2.9999999999944054,-0.00115316,1.5
potentiel_2D,1,0.82,-1.86479e-12,1.0,2.9999999999944054,-0.00115316,1.5
potentiel_2D,1,0.84,-1.86479e-12,1.0,2.9999999999944054,-0.00115316,1.5
potentiel_2D,1,0.86,-1.86479e-12,1.0,2.9999999999944054,-0.00115316,1.5
potentiel_2D,1,0.88,-1.86479e-12,1.0,2.9999999999944054,-0.00115316,1.5
potentiel_2D,1,0.9,-1.86479e-12,1.0,2.9999999999944054,-0.00115316,1.5
potentiel_2D,1,0.92,-1.86479e-12,1.0,2.9999999999944054,-0.00115316,1.5
potentiel_2D,1,0.94,-1.86479e-12,1.0,2.9999999999944054,-0.00115316,1.5
potentiel_2D,1,0.96,-1.86479e-12,1.0,2.9999999999944054,-0.00115316,1.5
potentiel_2D,1,0.98,-1.86479e-12,1.0,2.9999999999944054,-0.00115316,1.5
potentiel_2D,1,1.0,-1.86479e-12,1.0,2.9999999999944054,-0.00115316,1.5
potentiel_2D,1,1.02,-1.86479e-12,1.0,2.9999999999944054,-0.00115316,1.5
potentiel_2D,1,1.04,-1.86479e-12,1.0,2.9999999999944054,-0.00115316,1.5
potentiel_2D,1,1.06,-1.86479e-12,1.0,2.9999999999944054,-0.00115316,1.5
potentiel_2D,1,1.08,-1.86479e-12,1.0,2.9999999999944054,-0.00115316,1.5
potentiel_2D,1,1.1,-1.86479e-12,1.0,2.9999999999944054,-0.00115316,1.5
potentiel_2D,1,1.12,-1.86479e-12,1.0,2.9999999999944054,-0.00115316,1.5
potentiel_2D,1,1.14,-1.86479e-12,1.0,2.9999999999944054,-0.00115316,1.5
potentiel_2D,1,1.16,-1.86479e-12,1.0,2.9999999999944054,-0.00115316,1.5
potentiel_2D,1,1.18,-1.86479e-12,1.0,2.9999999999944054,-0.00115316,1.5
potentiel_2D,1,1.2,-1.86479e-12,1.0,2.9999999999944054,-0.00115316,1.5
potentiel_2D,1,1.22,-1.86479e-12,1.0,2.9999999999944054,-0.00115316,1.5
potentiel_2D,1,1.24,-1.86479e-12,1.0,2.9999999999944054,-0.00115316,1.5
potentiel_2D,1,1.26,-1.86479e-12,1.0,2.9999999999944054,-0.00115316,1.5
potentiel_2D,1,1.28,-1.86479e-12,1.0,2.9999999999944054,-0.00115316,1.5
potentiel_2D,1,1.3,-1.86479e-12,1.0,2.9999999999944054,-0.00115316,1.5
potentiel_2D,1,1.32,-1.86479e-12,1.0,2.9999999999944054,-0.00115316,1.5
potentiel_2D,1,1.34,-1.86479e-12,1.0,2.9999999999944054,-0.00115316,1.5
potentiel_2D,1,1.36,-1.86479e-12,1.0,2.9999999999944054,-0.00115316,1.5
potentiel_2D,1,1.38,-1.86479e-12,1.0,2.9999999999944054,-0.00115316,1.5
potentiel_2D,1,1.4,-1.86479e-12,1.0,2.9999999999944054,-0.00115316,1.5
potentiel_2D,1,1.42,-1.86479e-12,1.0,2.9999999999944054,-0.00115316,1.5
potentiel_2D,1,1.44,-1.86479e-12,1.0,2.9999999999944054,-0.00115316,1.5
potentiel_2D,1,1.46,-1.86479e-12,1.0,2.9999999999944054,-0.00115316,1.5
potentiel_2D,1,1.48,-1.86479e-12,1.0,2.9999999999944054,-0.00115316,1.5
potentiel_2D,1,1.5,-1.86479e-12,1.0,2.9999999999944054,-0.00115316,1.5
potentiel_2D,1,1.52,-1.86479e-12,1.0,2.9999999999944054,-0.00115316,1.5
potentiel_2D,1,1.54,-1.86479e-12,1.0,2.9999999999944054,-0.00115316,1.5
potentiel_2D,1,1.56,-1.86479e-12,1.0,2.9999999999944054,-0.00115316,1.5
potentiel_2D,1,1.58,-1.86479e-12,1.0,2.9999999999944054,-0.00115316,1.5
potentiel_2D,1,1.6,-1.86479e-12,1.0,2.9999999999944054,-0.00115316,1.5
potentiel_2D,1,1.62,-1.86479e-12,1.0,2.9999999999944054,-0.00115316,1.5
potentiel_2D,1,1.64,-1.86479e-12,1.0,2.9999999999944054,-0.00115316,1.5
potentiel_2D,1,1.66,-1.86479e-12,1.0,2.9999999999944054,-0.00115316,1.5
potentiel_2D,1,1.68,-1.86479e-12,1.0,2.9999999999944054,-0.00115316,1.5
potentiel_2D,1,1.7,-1.86479e-12,1.0,2.9999999999944054,-0.00115316,1.5
potentiel_2D,1,1.72,-1.86479e-12,1.0,2.9999999999944054,-0.00115316,1.5
potentiel_2D,1,1.74,-1.86479e-12,1.0,2.9999999999944054,-0.00115316,1.5
potentiel_2D,1,1.76,-1.86479e-12,1.0,2.9999999999944054,-0.00115316,1.5
potentiel_2D,1,1.78,-1.86479e-12,1.0,2.9999999999944054,-0.00115316,1.5
potentiel_2D,1,1.8,-1.86479e-12,1.0,2.9999999999944054,-0.00115316,1.5
potentiel_2D,1,1.82,-1.86479e-12,1.0,2.9999999999944054,-0.00115316,1.5
potentiel_2D,1,1.84,-1.86479e-12,1.0,2.9999999999944054,-0.00115316,1.5
potentiel_2D,1,1.86,-1.86479e-12,1.0,2.9999999999944054,-0.00115316,1.5
potentiel_2D,1,1.88,-1.86479e-12,1.0,2.9999999999944054,-0.00115316,1.5
potentiel_2D,1,1.9,-1.86479e-12,1.0,2.9999999999944054,-0.00115316,1.5
potentiel_2D,1,1.92,-1.86479e-12,1.0,2.9999999999944054,-0.00115316,1.5
potentiel_2D,1,1.94,-1.86479e-12,1.0,2.9999999999944054,-0.00115316,1.5
potentiel_2D,1,1.96,-1.86479e-12,1.0,2.9999999999944054,-0.00115316,1.5
potentiel_2D,1,1.98,-1.86479e-12,1.0,2.9999999999944054,-0.00115316,1.5
potentiel_2D,1,2.0,-1.86479e-12,1.0,2.9999999999944054,-0.00115316,1.5
potentiel_2D,1,2.02,-1.86479e-12,1.0,2.9999999999944054,-0.00115316,1.5
potentiel_2D,1,2.04,-1.86479e-12,1.0,2.9999999999944054,-0.00115316,1.5
potentiel_2D,1,2.06,-1.86479e-12,1.0,2.9999999999944054,-0.00115316,1.5
potentiel_2D,1,2.08,-1.86479e-12,1.0,2.9999999999944054,-0.00115316,1.5
potentiel_2D,1,2.1,-1.86479e-12,1.0,2.9999999999944054,-0.00115316,1.5
potentiel_2D,1,2.12,-1.86479e-12,1.0,2.9999999999944054,-0.00115316,1.5
potentiel_2D,1,2.14,-1.86479e-12,1.0,2.9999999999944054,-0.00115316,1.5
potentiel_2D,1,2.16,-1.86479e-12,1.0,2.9999999999944054,-0.00115316,1.5
potentiel_2D,1,2.18,-1.86479e-12,1.0,2.9999999999944054,-0.00115316,1.5
potentiel_2D,1,2.2,-1.86479e-12,1.0,2.9999999999944054,-0.00115316,1.5
potentiel_2D,1,2.22,-1.86479e-12,1.0,2.9999999999944054,-0.00115316,1.5
potentiel_2D,1,2.24,-1.86479e-12,1.0,2.9999999999944054,-0.00115316,1.5
potentiel_2D,1,2.26,-1.86479e-12,1.0,2.9999999999944054,-0.00115316,1.5
potentiel_2D,1,2.28,-1.86479e-12,1.0,2.9999999999944054,-0.00115316,1.5
potentiel_2D,1,2.3,-1.86479e-12,1.0,2.9999999999944054,-0.00115316,1.5
potentiel_2D,1,2.32,-1.86479e-12,1.0,2.9999999999944054,-0.00115316,1.5
potentiel_2D,1,2.34,-1.86479e-12,1.0,2.9999999999944054,-0.00115316,1.5
potentiel_2D,1,2.36,-1.86479e-12,1.0,2.9999999999944054,-0.00115316,1.5
potentiel_2D,1,2.38,-1.86479e-12,1.0,2.9999999999944054,-0.00115316,1.5
potentiel_2D,1,2.4,-1.86479e-12,1.0,2.9999999999944054,-0.00115316,1.5
potentiel_2D,1,2.42,-1.86479e-12,1.0,2.9999999999944054,-0.00115316,1.5
potentiel_2D,1,2.44,-1.86479e-12,1.0,2.9999999999944054,-0.00115316,1.5
potentiel_2D,1,2.46,-1.86479e-12,1.0,2.9999999999944054,-0.00115316,1.5
potentiel_2D,1,2.48,-1.86479e-12,1.0,2.9999999999944054,-0.00115316,1.5
potentiel_2D,1,2.5,-1.86479e-12,1.0,2.9999999999944054,-0.00115316,1.5
potentiel_2D,1,2.52,-1.86479e-12,1.0,2.9999999999944054,-0.00115316,1.5
potentiel_2D,1,2.54,-1.86479e-12,1.0,2.9999999999944054,-0.00115316,1.5
potentiel_2D,1,2.56,-1.86479e-12,1.0,2.9999999999944054,-0.00115316,1.5
potentiel_2D,1,2.58,-1.86479e-12,1.0,2.9999999999944054,-0.00115316,1.5
potentiel_2D,1,2.6,-1.86479e-12,1.0,2.9999999999944054,-0.00115316,1.5
potentiel_2D,1,2.62,-1.86479e-12,1.0,2.9999999999944054,-0.00115316,1.5
potentiel_2D,1,2.64,-1.86479e-12,1.0,2.9999999999944054,-0.00115316,1.5
potentiel_2D,1,2.66,-1.86479e-12,1.0,2.9999999999944054,-0.00115316,1.5
potentiel_2D,1,2.68,-1.86479e-12,1.0,2.9999999999944054,-0.00115316,1.5
potentiel_2D,1,2.7,-1.86479e-12,1.0,2.9999999999944054,-0.00115316,1.5
potentiel_2D,1,2.72,-1.86479e-12,1.0,2.9999999999944054,-0.00115316,1.5
potentiel_2D,1,2.74,-1.86479e-12,1.0,2.9999999999944054,-0.00115316,1.5
potentiel_2D,1,2.76,-1.86479e-12,1.0,2.9999999999944054,-0.00115316,1.5
potentiel_2D,1,2.78,-1.86479e-12,1.0,2.9999999999944054,-0.00115316,1.5
potentiel_2D,1,2.8,-1.86479e-12,1.0,2.9999999999944054,-0.00115316,1.5
potentiel_2D,1,2.82,-1.86479e-12,1.0,2.9999999999944054,-0.00115316,1.5
potentiel_2D,1,2.84,-1.86479e-12,1.0,2.9999999999944054,-0.00115316,1.5
potentiel_2D,1,2.86,-1.86479e-12,1.0,2.9999999999944054,-0.00115316,1.5
potentiel_2D,1,2.88,-1.86479e-12,1.0,2.9999999999944054,-0.00115316,1.5
potentiel_2D,1,2.9,-1.86479e-12,1.0,2.9999999999944054,-0.00115316,1.5
potentiel_2D,1,2.92,-1.86479e-12,1.0,2.9999999999944054,-0.00115316,1.5
potentiel_2D,1,2.94,-1.86479e-12,1.0,2.9999999999944054,-0.00115316,1.5
potentiel_2D,1,2.96,-1.86479e-12,1.0,2.9999999999944054,-0.00115316,1.5
potentiel_2D,1,2.98,-1.86479e-12,1.0,2.9999999999944054,-0.00115316,1.5
potentiel_2D,2,0.0,1.0,0.0,3.0,0.0,1.5
potentiel_2D,2,0.02,1.0,0.0,3.0,0.0,1.5
potentiel_2D,2,0.04,1.0,0.0,3.0,0.0,1.5
potentiel_2D,2,0.06,1.0,0.0,3.0,0.0,1.5
potentiel_2D,2,0.08,1.0,0.0,3.0,0.0,1.5
potentiel_2D,2,0.1,1.0,0.0,3.0,0.0,1.5
potentiel_2D,2,0.12,1.0,0.0,3.0,0.0,1.5
potentiel_2D,2,0.14,1.0,0.0,3.0,0.0,1.5
potentiel_2D,2,0.16,1.0,0.0,3.0,0.0,1.5
potentiel_2D,2,0.18,1.0,0.0,3.0,0.0,1.5
potentiel_2D,2,0.2,1.0,0.0,3.0,0.0,1.5
potentiel_2D,2,0.22,1.0,0.0,3.0,0.0,1.5
potentiel_2D,2,0.24,1.0,0.0,3.0,0.0,1.5
potentiel_2D,2,0.26,1.0,0.0,3.0,0.0,1.5
potentiel_2D,2,0.28,1.0,0.0,3.0,0.0,1.5
potentiel_2D,2,0.3,1.0,0.0,3.0,0.0,1.5
potentiel_2D,2,0.32,1.0,0.0,3.0,0.0,1.5
potentiel_2D,2,0.34,1.0,0.0,3.0,0.0,1.5
potentiel_2D,2,0.36,1.0,0.0,3.0,0.0,1.5
potentiel_2D,2,0.38,1.0,0.0,3.0,0.0,1.5
potentiel_2D,2,0.4,1.0,0.0,3.0,0.0,1.5
potentiel_2D,2,0.42,1.0,0.0,3.0,0.0,1.5
potentiel_2D,2,0.44,1.0,0.0,3.0,0.0,1.5
potentiel_2D,2,0.46,1.0,0.0,3.0,0.0,1.5
potentiel_2D,2,0.48,1.0,0.0,3.0,0.0,1.5
potentiel_2D,2,0.5,1.0,0.0,3.0,0.0,1.5
potentiel_2D,2,0.52,1.0,0.0,3.0,0.0,1.5
potentiel_2D,2,0.54,1.0,0.0,3.0,0.0,1.5
potentiel_2D,2,0.56,1.0,0.0,3.0,0.0,1.5
potentiel_2D,2,0.58,1.0,0.0,3.0,0.0,1.5
potentiel_2D,2,0.6,1.0,0.0,3.0,0.0,1.5
potentiel_2D,2,0.62,1.0,0.0,3.0,0.0,1.5
potentiel_2D,2,0.64,1.0,0.0,3.0,0.0,1.5
potentiel_2D,2,0.66,0.959219,0.0407812,3.0000006000000004,-0.0907629,1.40944
potentiel_2D,2,0.68,0.87727,0.12273,3.0,-0.0865602,1.41427
potentiel_2D,2,0.7,0.839237,0.160763,3.0,-0.00101169,1.5
potentiel_2D,2,0.72,0.839237,0.160763,3.0,-0.00101169,1.5
potentiel_2D,2,0.74,0.839237,0.160763,3.0,-0.00101169,1.5
potentiel_2D,2,0.76,0.839237,0.160763,3.0,-0.00101169,1.5
potentiel_2D,2,0.78,0.839237,0.160763,3.0,-0.00101169,1.5
potentiel_2D,2,0.8,0.839237,0.160763,3.0,-0.00101169,1.5
potentiel_2D,2,0.82,0.839237,0.160763,3.0,-0.00101169,1.5
potentiel_2D,2,0.84,0.839237,0.160763,3.0,-0.00101169,1.5
potentiel_2D,2,0.86,0.839237,0.160763,3.0,-0.00101169,1.5
potentiel_2D,2,0.88,0.839237,0.160763,3.0,-0.00101169,1.5
potentiel_2D,2,0.9,0.839237,0.160763,3.0,-0.00101169,1.5
potentiel_2D,2,0.92,0.839237,0.160763,3.0,-0.00101169,1.5
potentiel_2D,2,0.94,0.839237,0.160763,3.0,-0.00101169,1.5
potentiel_2D,2,0.96,0.839237,0.160763,3.0,-0.00101169,1.5
potentiel_2D,2,0.98,0.839237,0.160763,3.0,-0.00101169,1.5
potentiel_2D,2,1.0,0.839237,0.160763,3.0,-0.00101169,1.5
potentiel_2D,2,1.02,0.839237,0.160763,3.0,-0.00101169,1.5
potentiel_2D,2,1.04,0.839237,0.160763,3.0,-0.00101169,1.5
potentiel_2D,2,1.06,0.839237,0.160763,3.0,-0.00101169,1.5
potentiel_2D,2,1.08,0.839237,0.160763,3.0,-0.00101169,1.5
potentiel_2D,2,1.1,0.839237,0.160763,3.0,-0.00101169,1.5
potentiel_2D,2,1.12,0.839237,0.160763,3.0,-0.00101169,1.5
potentiel_2D,2,1.14,0.839237,0.160763,3.0,-0.00101169,1.5
potentiel_2D,2,1.16,0.839237,0.160763,3.0,-0.00101169,1.5
potentiel_2D,2,1.18,0.839237,0.160763,3.0,-0.00101169,1.5
potentiel_2D,2,1.2,0.839237,0.160763,3.0,-0.00101169,1.5
potentiel_2D,2,1.22,0.839237,0.160763,3.0,-0.00101169,1.5
potentiel_2D,2,1.24,0.839237,0.160763,3.0,-0.00101169,1.5
potentiel_2D,2,1.26,0.839237,0.160763,3.0,-0.00101169,1.5
potentiel_2D,2,1.28,0.839237,0.160763,3.0,-0.00101169,1.5
potentiel_2D,2,1.3,0.839237,0.160763,3.0,-0.00101169,1.5
potentiel_2D,2,1.32,0.839237,0.160763,3.0,-0.00101169,1.5
potentiel_2D,2,1.34,0.839237,0.160763,3.0,-0.00101169,1.5
potentiel_2D,2,1.36,0.839237,0.160763,3.0,-0.00101169,1.5
potentiel_2D,2,1.38,0.839237,0.160763,3.0,-0.00101169,1.5
potentiel_2D,2,1.4,0.839237,0.160763,3.0,-0.00101169,1.5
potentiel_2D,2,1.42,0.839237,0.160763,3.0,-0.00101169,1.5
potentiel_2D,2,1.44,0.839237,0.160763,3.0,-0.00101169,1.5
potentiel_2D,2,1.46,0.839237,0.160763,3.0,-0.00101169,1.5
potentiel_2D,2,1.48,0.839237,0.160763,3.0,-0.00101169,1.5
potentiel_2D,2,1.5,0.839237,0.160763,3.0,-0.00101169,1.5
potentiel_2D,2,1.52,0.839237,0.160763,3.0,-0.00101169,1.5
potentiel_2D,2,1.54,0.839237,0.160763,3.0,-0.00101169,1.5
potentiel_2D,2,1.56,0.839237,0.160763,3.0,-0.00101169,1.5
potentiel_2D,2,1.58,0.839237,0.160763,3.0,-0.00101169,1.5
potentiel_2D,2,1.6,0.839237,0.160763,3.0,-0.00101169,1.5
potentiel_2D,2,1.62,0.839237,0.160763,3.0,-0.00101169,1.5
potentiel_2D,2,1.64,0.839237,0.160763,3.0,-0.00101169,1.5
potentiel_2D,2,1.66,0.839237,0.160763,3.0,-0.00101169,1.5
potentiel_2D,2,1.68,0.839237,0.160763,3.0,-0.00101169,1.5
potentiel_2D,2,1.7,0.839237,0.160763,3.0,-0.00101169,1.5
potentiel_2D,2,1.72,0.839237,0.160763,3.0,-0.00101169,1.5
potentiel_2D,2,1.74,0.839237,0.160763,3.0,-0.00101169,1.5
potentiel_2D,2,1.76,0.839237,0.160763,3.0,-0.00101169,1.5
potentiel_2D,2,1.78,0.839237,0.160763,3.0,-0.00101169,1.5
potentiel_2D,2,1.8,0.839237,0.160763,3.0,-0.00101169,1.5
potentiel_2D,2,1.82,0.839237,0.160763,3.0,-0.00101169,1.5
potentiel_2D,2,1.84,0.839237,0.160763,3.0,-0.00101169,1.5
potentiel_2D,2,1.86,0.839237,0.160763,3.0,-0.00101169,1.5
potentiel_2D,2,1.88,0.839237,0.160763,3.0,-0.00101169,1.5
potentiel_2D,2,1.9,0.839237,0.160763,3.0,-0.00101169,1.5
potentiel_2D,2,1.92,0.839237,0.160763,3.0,-0.00101169,1.5
potentiel_2D,2,1.94,0.839237,0.160763,3.0,-0.00101169,1.5
potentiel_2D,2,1.96,0.839237,0.160763,3.0,-0.00101169,1.5
potentiel_2D,2,1.98,0.839237,0.160763,3.0,-0.00101169,1.5
potentiel_2D,2,2.0,0.839237,0.160763,3.0,-0.00101169,1.5
potentiel_2D,2,2.02,0.839237,0.160763,3.0,-0.00101169,1.5
potentiel_2D,2,2.04,0.839237,0.160763,3.0,-0.00101169,1.5
potentiel_2D,2,2.06,0.839237,0.160763,3.0,-0.00101169,1.5
potentiel_2D,2,2.08,0.839237,0.160763,3.0,-0.00101169,1.5
potentiel_2D,2,2.1,0.839237,0.160763,3.0,-0.00101169,1.5
potentiel_2D,2,2.12,0.839237,0.160763,3.0,-0.00101169,1.5
potentiel_2D,2,2.14,0.839237,0.160763,3.0,-0.00101169,1.5
potentiel_2D,2,2.16,0.83449,0.16551,3.0,-0.00782331,1.49319
potentiel_2D,2,2.18,0.833617,0.166383,3.0,-0.00185265,1.49916
potentiel_2D,2,2.2,0.833822,0.166178,3.0,-0.0010137,1.5
potentiel_2D,2,2.22,0.833822,0.166178,3.0,-0.0010137,1.5
potentiel_2D,2,2.24,0.833822,0.166178,3.0,-0.0010137,1.5
potentiel_2D,2,2.26,0.833822,0.166178,3.0,-0.0010137,1.5
potentiel_2D,2,2.28,0.833822,0.166178,3.0,-0.0010137,1.5
potentiel_2D,2,2.3,0.833822,0.166178,3.0,-0.0010137,1.5
potentiel_2D,2,2.32,0.833822,0.166178,3.0,-0.0010137,1.5
potentiel_2D,2,2.34,0.833822,0.166178,3.0,-0.0010137,1.5
potentiel_2D,2,2.36,0.833822,0.166178,3.0,-0.0010137,1.5
potentiel_2D,2,2.38,0.833822,0.166178,3.0,-0.0010137,1.5
potentiel_2D,2,2.4,0.833822,0.166178,3.0,-0.0010137,1.5
potentiel_2D,2,2.42,0.833822,0.166178,3.0,-0.0010137,1.5
potentiel_2D,2,2.44,0.833822,0.166178,3.0,-0.0010137,1.5
potentiel_2D,2,2.46,0.833822,0.166178,3.0,-0.0010137,1.5
potentiel_2D,2,2.48,0.833822,0.166178,3.0,-0.0010137,1.5
potentiel_2D,2,2.5,0.833822,0.166178,3.0,-0.0010137,1.5
potentiel_2D,2,2.52,0.833822,0.166178,3.0,-0.0010137,1.5
potentiel_2D,2,2.54,0.833822,0.166178,3.0,-0.0010137,1.5
potentiel_2D,2,2.56,0.833822,0.166178,3.0,-0.0010137,1.5
potentiel_2D,2,2.58,0.833822,0.166178,3.0,-0.0010137,1.5
potentiel_2D,2,2.6,0.833822,0.166178,3.0,-0.0010137,1.5
potentiel_2D,2,2.62,0.833822,0.166178,3.0,-0.0010137,1.5
potentiel_2D,2,2.64,0.833822,0.166178,3.0,-0.0010137,1.5
potentiel_2D,2,2.66,0.833822,0.166178,3.0,-0.0010137,1.5
potentiel_2D,2,2.68,0.833822,0.166178,3.0,-0.0010137,1.5
potentiel_2D,2,2.7,0.833822,0.166178,3.0,-0.0010137,1.5
potentiel_2D,2,2.72,0.833822,0.166178,3.0,-0.0010137,1.5
potentiel_2D,2,2.74,0.833822,0.166178,3.0,-0.0010137,1.5
potentiel_2D,2,2.76,0.833822,0.166178,3.0,-0.0010137,1.5
potentiel_2D,2,2.78,0.833822,0.166178,3.0,-0.0010137,1.5
potentiel_2D,2,2.8,0.833822,0.166178,3.0,-0.0010137,1.5
potentiel_2D,2,2.82,0.833822,0.166178,3.0,-0.0010137,1.5
potentiel_2D,2,2.84,0.833822,0.166178,3.0,-0.0010137,1.5
potentiel_2D,2,2.86,0.833822,0.166178,3.0,-0.0010137,1.5
potentiel_2D,2,2.88,0.833822,0.166178,3.0,-0.0010137,1.5
potentiel_2D,2,2.9,0.833822,0.166178,3.0,-0.0010137,1.5
potentiel_2D,2,2.92,0.833822,0.166178,3.0,-0.0010137,1.5
potentiel_2D,2,2.94,0.833822,0.166178,3.0,-0.0010137,1.5
potentiel_2D,2,2.96,0.833822,0.166178,3.0,-0.0010137,1.5
potentiel_2D,2,2.98,0.833822,0.166178,3.0,-0.0010137,1.5
potentiel_3D,1,0.0,1.0,0.0,4.0,0.0,2.0
potentiel_3D,1,0.02,1.0,0.0,4.0,0.0,2.0
potentiel_3D,1,0.04,0.999995,5.11037e-06,4.00000044148,-2.04414e-05,1.99998
potentiel_3D,1,0.06,0.999919,8.13559e-05,4.0000014236,-0.000325397,1.99967
potentiel_3D,1,0.08,0.999589,0.000411098,4.000000392,-0.00164372,1.99836
potentiel_3D,1,0.1,0.998702,0.0012975,3.9999979999999997,-0.00518329,1.99482
potentiel_3D,1,0.12,0.996837,0.0031626,3.9999984,-0.0126105,1.98739
potentiel_3D,1,0.14,0.993458,0.00654245,4.0000018,-0.0259989,1.974
potentiel_3D,1,0.16,0.987923,0.0120773,4.0000012,-0.0477268,1.95227
potentiel_3D,1,0.18,0.979505,0.0204945,3.9999979999999997,-0.0803004,1.9197
potentiel_3D,1,0.2,0.967419,0.0325813,4.0000012,-0.126084,1.87392
potentiel_3D,1,0.22,0.950855,0.0491454,4.0000016,-0.186931,1.81308
potentiel_3D,1,0.24,0.929037,0.070963,4.0,-0.26373,1.73629
potentiel_3D,1,0.26,0.901287,0.0987135,4.000001999999999,-0.355912,1.64412
potentiel_3D,1,0.28,0.867095,0.132905,4.0,-0.461024,1.53904
potentiel_3D,1,0.3,0.826203,0.173797,4.0,-0.574459,1.42563
potentiel_3D,1,0.32,0.77867,0.22133,4.0,-0.689511,1.31063
potentiel_3D,1,0.34,0.724939,0.275061,4.0,-0.797806,1.20239
potentiel_3D,1,0.36,0.66586,0.33414,4.0,-0.890228,1.11004
potentiel_3D,1,0.38,0.602646,0.397354,4.0,-0.958201,1.04215
potentiel_3D,1,0.4,0.536794,0.463206,4.0,-0.995017,1.00542
potentiel_3D,1,0.42,0.469982,0.530018,4.0,-0.996917,1.0036
potentiel_3D,1,0.44,0.403954,0.596046,4.0,-0.963709,1.0369
potentiel_3D,1,0.46,0.3404,0.6596,4.0,-0.898801,1.10189
potentiel_3D,1,0.48,0.28084,0.71916,4.0,-0.808637,1.19212
potentiel_3D,1,0.5,0.22652,0.77348,4.0,-0.701654,1.29917
potentiel_3D,1,0.52,0.17833,0.82167,4.0,-0.586979,1.41389
potentiel_3D,1,0.54,0.136754,0.863246,4.0,-0.47311,1.52779
potentiel_3D,1,0.56,0.101888,0.898112,4.0,-0.366954,1.63397
potentiel_3D,1,0.58,0.0735028,0.926497,3.9999992,-0.273342,1.7276
potentiel_3D,1,0.6,0.0511108,0.948889,3.9999992,-0.194946,1.80601
potentiel_3D,1,0.62,0.0340471,0.965953,4.000000399999999,-0.132509,1.86845
potentiel_3D,1,0.64,0.021542,0.978458,4.0,-0.0852725,1.91569
potentiel_3D,1,0.66,0.0127885,0.987212,4.000002,-0.0514619,1.9495
potentiel_3D,1,0.68,0.00699508,0.993005,4.00000032,-0.0287474,1.97222
potentiel_3D,1,0.7,0.00342703,0.996573,4.00000012,-0.0146243,1.98634
potentiel_3D,1,0.72,0.00143429,0.998566,4.00000116,-0.0066921,1.99427
potentiel_3D,1,0.74,0.000469633,0.99953,3.999998532,-0.00284085,1.99812
potentiel_3D,1,0.76,9.91641e-05,0.999901,4.0000006564,-0.00135982,1.9996
potentiel_3D,1,0.78,7.50989e-06,0.999992,3.99999803956,-0.000993245,1.99997
potentiel_3D,1,0.8,-9.61143e-09,1.0,3.99999996155428,-0.000963168,2.0
potentiel_3D,1,0.82,-1.0206e-08,1.0,3.999999959176,-0.000963165,2.0
potentiel_3D,1,0.84,-1.0206e-08,1.0,3.999999959176,-0.000963165,2.0
potentiel_3D,1,0.86,-1.0206e-08,1.0,3.999999959176,-0.000963165,2.0
potentiel_3D,1,0.88,-1.0206e-08,1.0,3.999999959176,-0.000963165,2.0
potentiel_3D,1,0.9,-1.0206e-08,1.0,3.999999959176,-0.000963165,2.0
potentiel_3D,1,0.92,-1.0206e-08,1.0,3.999999959176,-0.000963165,2.0
potentiel_3D,1,0.94,-1.0206e-08,1.0,3.999999959176,-0.000963165,2.0
potentiel_3D,1,0.96,-1.0206e-08,1.0,3.999999959176,-0.000963165,2.0
potentiel_3D,1,0.98,-1.0206e-08,1.0,3.999999959176,-0.000963165,2.0
potentiel_3D,1,1.0,-1.0206e-08,1.0,3.999999959176,-0.000963165,2.0
potentiel_3D,1,1.02,-1.0206e-08,1.0,3.999999959176,-0.000963165,2.0
potentiel_3D,1,1.04,-1.0206e-08,1.0,3.999999959176,-0.000963165,2.0
potentiel_3D,1,1.06,-1.0206e-08,1.0,3.999999959176,-0.000963165,2.0
potentiel_3D,1,1.08,-1.0206e-08,1.0,3.999999959176,-0.000963165,2.0
potentiel_3D,1,1.1,-1.0206e-08,1.0,3.999999959176,-0.000963165,2.0
potentiel_3D,1,1.12,-1.0206e-08,1.0,3.999999959176,-0.000963165,2.0
potentiel_3D,1,1.14,-1.0206e-08,1.0,3.999999959176,-0.000963165,2.0
potentiel_3D,1,1.16,-1.0206e-08,1.0,3.999999959176,-0.000963165,2.0
potentiel_3D,1,1.18,-1.0206e-08,1.0,3.999999959176,-0.000963165,2.0
potentiel_3D,1,1.2,-1.0206e-08,1.0,3.999999959176,-0.000963165,2.0
potentiel_3D,1,1.22,-1.0206e-08,1.0,3.999999959176,-0.000963165,2.0
potentiel_3D,1,1.24,-1.0206e-08,1.0,3.999999959176,-0.000963165,2.0
potentiel_3D,1,1.26,-1.0206e-08,1.0,3.999999959176,-0.000963165,2.0
potentiel_3D,1,1.28,-1.0206e-08,1.0,3.999999959176,-0.000963165,2.0
potentiel_3D,1,1.3,-1.0206e-08,1.0,3.999999959176,-0.000963165,2.0
potentiel_3D,1,1.32,-1.0206e-08,1.0,3.999999959176,-0.000963165,2.0
potentiel_3D,1,1.34,-1.0206e-08,1.0,3.999999959176,-0.000963165,2.0
potentiel_3D,1,1.36,-1.0206e-08,1.0,3.999999959176,-0.000963165,2.0
potentiel_3D,1,1.38,-1.0206e-08,1.0,3.999999959176,-0.000963165,2.0
potentiel_3D,1,1.4,-1.0206e-08,1.0,3.999999959176,-0.000963165,2.0
potentiel_3D,1,1.42,-1.0206e-08,1.0,3.999999959176,-0.000963165,2.0
potentiel_3D,1,1.44,-1.0206e-08,1.0,3.999999959176,-0.000963165,2.0
potentiel_3D,1,1.46,-1.0206e-08,1.0,3.999999959176,-0.000963165,2.0
potentiel_3D,1,1.48,-1.0206e-08,1.0,3.999999959176,-0.000963165,2.0
potentiel_3D,1,1.5,-1.0206e-08,1.0,3.999999959176,-0.000963165,2.0
potentiel_3D,1,1.52,-1.0206e-08,1.0,3.999999959176,-0.000963165,2.0
potentiel_3D,1,1.54,-1.0206e-08,1.0,3.999999959176,-0.000963165,2.0
potentiel_3D,1,1.56,-1.0206e-08,1.0,3.999999959176,-0.000963165,2.0
potentiel_3D,1,1.58,-1.0206e-08,1.0,3.999999959176,-0.000963165,2.0
potentiel_3D,1,1.6,-1.0206e-08,1.0,3.999999959176,-0.000963165,2.0
potentiel_3D,1,1.62,-1.0206e-08,1.0,3.999999959176,-0.000963165,2.0
potentiel_3D,1,1.64,-1.0206e-08,1.0,3.999999959176,-0.000963165,2.0
potentiel_3D,1,1.66,-1.0206e-08,1.0,3.999999959176,-0.000963165,2.0
potentiel_3D,1,1.68,-1.0206e-08,1.0,3.999999959176,-0.000963165,2.0
potentiel_3D,1,1.7,-1.0206e-08,1.0,3.999999959176,-0.000963165,2.0
potentiel_3D,1,1.72,-1.0206e-08,1.0,3.999999959176,-0.000963165,2.0
potentiel_3D,1,1.74,-1.0206e-08,1.0,3.999999959176,-0.000963165,2.0
potentiel_3D,1,1.76,-1.0206e-08,1.0,3.999999959176,-0.000963165,2.0
potentiel_3D,1,1.78,-1.0206e-08,1.0,3.999999959176,-0.000963165,2.0
potentiel_3D,1,1.8,-1.0206e-08,1.0,3.999999959176,-0.000963165,2.0
potentiel_3D,1,1.82,-1.0206e-08,1.0,3.999999959176,-0.000963165,2.0
potentiel_3D,1,1.84,-1.0206e-08,1.0,3.999999959176,-0.000963165,2.0
potentiel_3D,1,1.86,-1.0206e-08,1.0,3.999999959176,-0.000963165,2.0
potentiel_3D,1,1.88,-1.0206e-08,1.0,3.999999959176,-0.000963165,2.0
potentiel_3D,1,1.9,-1.0206e-08,1.0,3.999999959176,-0.000963165,2.0
potentiel_3D,1,1.92,-1.0206e-08,1.0,3.999999959176,-0.000963165,2.0
potentiel_3D,1,1.94,-1.0206e-08,1.0,3.999999959176,-0.000963165,2.0
potentiel_3D,1,1.96,-1.0206e-08,1.0,3.999999959176,-0.000963165,2.0
potentiel_3D,1,1.98,-1.0206e-08,1.0,3.999999959176,-0.000963165,2.0
potentiel_3D,1,2.0,-1.0206e-08,1.0,3.999999959176,-0.000963165,2.0
potentiel_3D,1,2.02,-1.0206e-08,1.0,3.999999959176,-0.000963165,2.0
potentiel_3D,1,2.04,-1.0206e-08,1.0,3.999999959176,-0.000963165,2.0
potentiel_3D,1,2.06,-1.0206e-08,1.0,3.999999959176,-0.000963165,2.0
potentiel_3D,1,2.08,-1.0206e-08,1.0,3.999999959176,-0.000963165,2.0
potentiel_3D,1,2.1,-1.0206e-08,1.0,3.999999959176,-0.000963165,2.0
potentiel_3D,1,2.12,-1.0206e-08,1.0,3.999999959176,-0.000963165,2.0
potentiel_3D,1,2.14,-1.0206e-08,1.0,3.999999959176,-0.000963165,2.0
potentiel_3D,1,2.16,-1.0206e-08,1.0,3.999999959176,-0.000963165,2.0
potentiel_3D,1,2.18,-1.0206e-08,1.0,3.999999959176,-0.000963165,2.0
potentiel_3D,1,2.2,-1.0206e-08,1.0,3.999999959176,-0.000963165,2.0
potentiel_3D,1,2.22,-1.0206e-08,1.0,3.999999959176,-0.000963165,2.0
potentiel_3D,1,2.24,-1.0206e-08,1.0,3.999999959176,-0.000963165,2.0
potentiel_3D,1,2.26,-1.0206e-08,1.0,3.999999959176,-0.000963165,2.0
potentiel_3D,1,2.28,-1.0206e-08,1.0,3.999999959176,-0.000963165,2.0
potentiel_3D,1,2.3,-1.0206e-08,1.0,3.999999959176,-0.000963165,2.0
potentiel_3D,1,2.32,-1.0206e-08,1.0,3.999999959176,-0.000963165,2.0
potentiel_3D,1,2.34,-1.0206e-08,1.0,3.999999959176,-0.000963165,2.0
potentiel_3D,1,2.36,-1.0206e-08,1.0,3.999999959176,-0.000963165,2.0
potentiel_3D,1,2.38,-1.0206e-08,1.0,3.999999959176,-0.000963165,2.0
potentiel_3D,1,2.4,-1.0206e-08,1.0,3.999999959176,-0.000963165,2.0
potentiel_3D,1,2.42,-1.0206e-08,1.0,3.999999959176,-0.000963165,2.0
potentiel_3D,1,2.44,-1.0206e-08,1.0,3.999999959176,-0.000963165,2.0
potentiel_3D,1,2.46,-1.0206e-08,1.0,3.999999959176,-0.000963165,2.0
potentiel_3D,1,2.48,-1.0206e-08,1.0,3.999999959176,-0.000963165,2.0
potentiel_3D,1,2.5,-1.0206e-08,1.0,3.999999959176,-0.000963165,2.0
potentiel_3D,1,2.52,-1.0206e-08,1.0,3.999999959176,-0.000963165,2.0
potentiel_3D,1,2.54,-1.0206e-08,1.0,3.999999959176,-0.000963165,2.0
potentiel_3D,1,2.56,-1.0206e-08,1.0,3.999999959176,-0.000963165,2.0
potentiel_3D,1,2.58,-1.0206e-08,1.0,3.999999959176,-0.000963165,2.0
potentiel_3D,1,2.6,-1.0206e-08,1.0,3.999999959176,-0.000963165,2.0
potentiel_3D,1,2.62,-1.0206e-08,1.0,3.999999959176,-0.000963165,2.0
potentiel_3D,1,2.64,-1.0206e-08,1.0,3.999999959176,-0.000963165,2.0
potentiel_3D,1,2.66,-1.0206e-08,1.0,3.999999959176,-0.000963165,2.0
potentiel_3D,1,2.68,-1.0206e-08,1.0,3.999999959176,-0.000963165,2.0
potentiel_3D,1,2.7,-1.0206e-08,1.0,3.999999959176,-0.000963165,2.0
potentiel_3D,1,2.72,-1.0206e-08,1.0,3.999999959176,-0.000963165,2.0
potentiel_3D,1,2.74,-1.0206e-08,1.0,3.999999959176,-0.000963165,2.0
potentiel_3D,1,2.76,-1.0206e-08,1.0,3.999999959176,-0.000963165,2.0
potentiel_3D,1,2.78,-1.0206e-08,1.0,3.999999959176,-0.000963165,2.0
potentiel_3D,1,2.8,-1.0206e-08,1.0,3.999999959176,-0.000963165,2.0
potentiel_3D,1,2.82,-1.0206e-08,1.0,3.999999959176,-0.000963165,2.0
potentiel_3D,1,2.84,-1.0206e-08,1.0,3.999999959176,-0.000963165,2.0
potentiel_3D,1,2.86,-1.0206e-08,1.0,3.999999959176,-0.000963165,2.0
potentiel_3D,1,2.88,-1.0206e-08,1.0,3.999999959176,-0.000963165,2.0
potentiel_3D,1,2.9,-1.0206e-08,1.0,3.999999959176,-0.000963165,2.0
potentiel_3D,1,2.92,-1.0206e-08,1.0,3.999999959176,-0.000963165,2.0
potentiel_3D,1,2.94,-1.0206e-08,1.0,3.999999959176,-0.000963165,2.0
potentiel_3D,1,2.96,-1.0206e-08,1.0,3.999999959176,-0.000963165,2.0
potentiel_3D,1,2.98,-1.0206e-08,1.0,3.999999959176,-0.000963165,2.0
potentiel_3D,2,0.0,1.0,0.0,4.0,0.0,2.0
potentiel_3D,2,0.02,1.0,0.0,4.0,0.0,2.0
potentiel_3D,2,0.04,0.999995,5.11037e-06,4.00000044148,-2.04414e-05,1.99998
potentiel_3D,2,0.06,0.999919,8.13557e-05,4.0000014228,-0.000325395,1.99967
potentiel_3D,2,0.08,0.999589,0.000411093,4.000000372,-0.00164366,1.99836
potentiel_3D,2,0.1,0.998703,0.00129745,4.0000018,-0.00518273,1.99482
potentiel_3D,2,0.12,0.996838,0.00316228,4.00000112,-0.0126071,1.98739
potentiel_3D,2,0.14,0.993461,0.00653933,4.00000132,-0.0259776,1.97402
potentiel_3D,2,0.16,0.98798,0.0120198,3.9999992,-0.047472,1.95253
potentiel_3D,2,0.18,0.979838,0.0201617,3.9999987999999997,-0.078939,1.92106
potentiel_3D,2,0.2,0.968538,0.0314623,4.0000012,-0.121688,1.87832
potentiel_3D,2,0.22,0.953659,0.0463407,3.9999988,-0.176311,1.8237
potentiel_3D,2,0.24,0.934882,0.0651176,3.9999984,-0.24249,1.75753
potentiel_3D,2,0.26,0.912012,0.0879883,4.0000012,-0.318795,1.68123
potentiel_3D,2,0.28,0.885007,0.114993,4.0,-0.402507,1.59754
potentiel_3D,2,0.3,0.854021,0.145979,4.0,-0.489496,1.51057
potentiel_3D,2,0.32,0.819431,0.180569,4.0,-0.574212,1.42589
potentiel_3D,2,0.34,0.781873,0.218127,4.0,-0.6498,1.35034
potentiel_3D,2,0.36,0.742272,0.257728,4.0,-0.708332,1.29186
potentiel_3D,2,0.38,0.701863,0.298137,4.0,-0.741078,1.25917
potentiel_3D,2,0.4,0.662201,0.337799,4.0,-0.738686,1.26163
potentiel_3D,2,0.42,0.625021,0.374979,4.0,-0.692695,1.30771
potentiel_3D,2,0.44,0.591712,0.408288,4.0,-0.602348,1.39814
potentiel_3D,2,0.46,0.563218,0.436782,4.0,-0.478992,1.52157
potentiel_3D,2,0.48,0.540106,0.459894,4.0,-0.34426,1.65636
potentiel_3D,2,0.5,0.522488,0.477512,4.0,-0.222751,1.7779
potentiel_3D,2,0.52,0.509976,0.490024,4.0,-0.130305,1.87037
potentiel_3D,2,0.54,0.501754,0.498246,4.0,-0.0683494,1.93233
potentiel_3D,2,0.56,0.496824,0.503176,4.0,-0.031374,1.96931
potentiel_3D,2,0.58,0.494204,0.505796,4.0,-0.0121214,1.98856
potentiel_3D,2,0.6,0.493038,0.506962,4.0,-0.00380293,1.99688
potentiel_3D,2,0.62,0.492653,0.507347,4.0,-0.0011486,1.99953
potentiel_3D,2,0.64,0.492585,0.507415,4.0,-0.00069363,1.99999
potentiel_3D,2,0.66,0.492583,0.507417,4.0,-0.000681331,2.0
potentiel_3D,2,0.68,0.492583,0.507417,4.0,-0.000681331,2.0
potentiel_3D,2,0.7,0.492583,0.507417,4.0,-0.000681331,2.0
potentiel_3D,2,0.72,0.492583,0.507417,4.0,-0.000681331,2.0
potentiel_3D,2,0.74,0.492583,0.507417,4.0,-0.000681331,2.0
potentiel_3D,2,0.76,0.492583,0.507417,4.0,-0.000681331,2.0
potentiel_3D,2,0.78,0.492583,0.507417,4.0,-0.000681331,2.0
potentiel_3D,2,0.8,0.492583,0.507417,4.0,-0.000681331,2.0
potentiel_3D,2,0.82,0.492583,0.507417,4.0,-0.000681331,2.0
potentiel_3D,2,0.84,0.492583,0.507417,4.0,-0.000681331,2.0
potentiel_3D,2,0.86,0.492583,0.507417,4.0,-0.000681331,2.0
potentiel_3D,2,0.88,0.492583,0.507417,4.0,-0.000681331,2.0
potentiel_3D,2,0.9,0.492583,0.507417,4.0,-0.000681331,2.0
potentiel_3D,2,0.92,0.492583,0.507417,4.0,-0.000681331,2.0
potentiel_3D,2,0.94,0.492583,0.507417,4.0,-0.000681331,2.0
potentiel_3D,2,0.96,0.492583,0.507417,4.0,-0.000681331,2.0
potentiel_3D,2,0.98,0.492583,0.507417,4.0,-0.000681331,2.0
potentiel_3D,2,1.0,0.492583,0.507417,4.0,-0.000681331,2.0
potentiel_3D,2,1.02,0.492583,0.507417,4.0,-0.000681331,2.0
potentiel_3D,2,1.04,0.492583,0.507417,4.0,-0.000681331,2.0
potentiel_3D,2,1.06,0.492583,0.507417,4.0,-0.000681331,2.0
potentiel_3D,2,1.08,0.492583,0.507417,4.0,-0.000681331,2.0
potentiel_3D,2,1.1,0.492583,0.507417,4.0,-0.000681331,2.0
potentiel_3D,2,1.12,0.492583,0.507417,4.0,-0.000681331,2.0
potentiel_3D,2,1.14,0.492583,0.507417,4.0,-0.000681331,2.0
potentiel_3D,2,1.16,0.492583,0.507417,4.0,-0.000681331,2.0
potentiel_3D,2,1.18,0.492583,0.507417,4.0,-0.000681331,2.0
potentiel_3D,2,1.2,0.492583,0.507417,4.0,-0.000681331,2.0
potentiel_3D,2,1.22,0.492583,0.507417,4.0,-0.000681331,2.0
potentiel_3D,2,1.24,0.492583,0.507417,4.0,-0.000681331,2.0
potentiel_3D,2,1.26,0.492583,0.507417,4.0,-0.000681331,2.0
potentiel_3D,2,1.28,0.492583,0.507417,4.0,-0.000681331,2.0
potentiel_3D,2,1.3,0.492583,0.507417,4.0,-0.000681331,2.0
potentiel_3D,2,1.32,0.492583,0.507417,4.0,-0.000681331,2.0
potentiel_3D,2,1.34,0.492583,0.507417,4.0,-0.000681331,2.0
potentiel_3D,2,1.36,0.492583,0.507417,4.0,-0.000681331,2.0
potentiel_3D,2,1.38,0.492583,0.507417,4.0,-0.000681331,2.0
potentiel_3D,2,1.4,0.492583,0.507417,4.0,-0.000681331,2.0
potentiel_3D,2,1.42,0.492583,0.507417,4.0,-0.000681331,2.0
potentiel_3D,2,1.44,0.492583,0.507417,4.0,-0.000681331,2.0
potentiel_3D,2,1.46,0.492583,0.507417,4.0,-0.000681331,2.0
potentiel_3D,2,1.48,0.492583,0.507417,4.0,-0.000681331,2.0
potentiel_3D,2,1.5,0.492583,0.507417,4.0,-0.000681331,2.0
potentiel_3D,2,1.52,0.492583,0.507417,4.0,-0.000681331,2.0
potentiel_3D,2,1.54,0.492583,0.507417,4.0,-0.000681331,2.0
potentiel_3D,2,1.56,0.492583,0.507417,4.0,-0.000681331,2.0
potentiel_3D,2,1.58,0.492583,0.507417,4.0,-0.000681331,2.0
potentiel_3D,2,1.6,0.492583,0.507417,4.0,-0.000681331,2.0
potentiel_3D,2,1.62,0.492583,0.507417,4.0,-0.000681331,2.0
potentiel_3D,2,1.64,0.492583,0.507417,4.0,-0.000681331,2.0
potentiel_3D,2,1.66,0.492583,0.507417,4.0,-0.000681331,2.0
potentiel_3D,2,1.68,0.492583,0.507417,4.0,-0.000681331,2.0
potentiel_3D,2,1.7,0.492583,0.507417,4.0,-0.000681331,2.0
potentiel_3D,2,1.72,0.492583,0.507417,4.0,-0.000681331,2.0
potentiel_3D,2,1.74,0.492583,0.507417,4.0,-0.000681331,2.0
potentiel_3D,2,1.76,0.492583,0.507417,4.0,-0.000681331,2.0
potentiel_3D,2,1.78,0.492583,0.507417,4.0,-0.000681331,2.0
potentiel_3D,2,1.8,0.492583,0.507417,4.0,-0.000681331,2.0
potentiel_3D,2,1.82,0.492583,0.507417,4.0,-0.000681331,2.0
potentiel_3D,2,1.84,0.492583,0.507417,4.0,-0.000681331,2.0
potentiel_3D,2,1.86,0.492583,0.507417,4.0,-0.000681331,2.0
potentiel_3D,2,1.88,0.492583,0.507417,4.0,-0.000681331,2.0
potentiel_3D,2,1.9,0.492583,0.507417,4.0,-0.000681331,2.0
potentiel_3D,2,1.92,0.492583,0.507417,4.0,-0.000681331,2.0
potentiel_3D,2,1.94,0.492583,0.507417,4.0,-0.000681331,2.0
potentiel_3D,2,1.96,0.492583,0.507417,4.0,-0.000681331,2.0
potentiel_3D,2,1.98,0.492583,0.507417,4.0,-0.000681331,2.0
potentiel_3D,2,2.0,0.492583,0.507417,4.0,-0.000681331,2.0
potentiel_3D,2,2.02,0.492583,0.507417,4.0,-0.000681331,2.0
potentiel_3D,2,2.04,0.492583,0.507417,4.0,-0.000681331,2.0
potentiel_3D,2,2.06,0.492583,0.507417,4.0,-0.000681331,2.0
potentiel_3D,2,2.08,0.492583,0.507417,4.0,-0.000681331,2.0
potentiel_3D,2,2.1,0.492583,0.507417,4.0,-0.000681331,2.0
potentiel_3D,2,2.12,0.492583,0.507417,4.0,-0.000681331,2.0
potentiel_3D,2,2.14,0.492583,0.507417,4.0,-0.000681331,2.0
potentiel_3D,2,2.16,0.492583,0.507417,4.0,-0.000681331,2.0
potentiel_3D,2,2.18,0.492583,0.507417,4.0,-0.000681331,2.0
potentiel_3D,2,2.2,0.492583,0.507417,4.0,-0.000681331,2.0
potentiel_3D,2,2.22,0.492583,0.507417,4.0,-0.000681331,2.0
potentiel_3D,2,2.24,0.492583,0.507417,4.0,-0.000681331,2.0
potentiel_3D,2,2.26,0.492583,0.507417,4.0,-0.000681331,2.0
potentiel_3D,2,2.28,0.492583,0.507417,4.0,-0.000681331,2.0
potentiel_3D,2,2.3,0.492583,0.507417,4.0,-0.000681331,2.0
potentiel_3D,2,2.32,0.492583,0.507417,4.0,-0.000681331,2.0
potentiel_3D,2,2.34,0.492583,0.507417,4.0,-0.000681331,2.0
potentiel_3D,2,2.36,0.492583,0.507417,4.0,-0.000681331,2.0
potentiel_3D,2,2.38,0.492583,0.507417,4.0,-0.000681331,2.0
potentiel_3D,2,2.4,0.492583,0.507417,4.0,-0.000681331,2.0
potentiel_3D,2,2.42,0.492583,0.507417,4.0,-0.000681331,2.0
potentiel_3D,2,2.44,0.492583,0.507417,4.0,-0.000681331,2.0
potentiel_3D,2,2.46,0.492583,0.507417,4.0,-0.000681331,2.0
potentiel_3D,2,2.48,0.492583,0.507417,4.0,-0.000681331,2.0
potentiel_3D,2,2.5,0.492583,0.507417,4.0,-0.000681331,2.0
potentiel_3D,2,2.52,0.492583,0.507417,4.0,-0.000681331,2.0
potentiel_3D,2,2.54,0.492583,0.507417,4.0,-0.000681331,2.0
potentiel_3D,2,2.56,0.492583,0.507417,4.0,-0.000681331,2.0
potentiel_3D,2,2.58,0.492583,0.507417,4.0,-0.000681331,2.0
potentiel_3D,2,2.6,0.492583,0.507417,4.0,-0.000681331,2.0
potentiel_3D,2,2.62,0.492583,0.507417,4.0,-0.000681331,2.0
potentiel_3D,2,2.64,0.492583,0.507417,4.0,-0.000681331,2.0
potentiel_3D,2,2.66,0.492583,0.507417,4.0,-0.000681331,2.0
potentiel_3D,2,2.68,0.492583,0.507417,4.0,-0.000681331,2.0
potentiel_3D,2,2.7,0.492583,0.507417,4.0,-0.000681331,2.0
potentiel_3D,2,2.72,0.492583,0.507417,4.0,-0.000681331,2.0
potentiel_3D,2,2.74,0.492583,0.507417,4.0,-0.000681331,2.0
potentiel_3D,2,2.76,0.492583,0.507417,4.0,-0.000681331,2.0
potentiel_3D,2,2.78,0.492583,0.507417,4.0,-0.000681331,2.0
potentiel_3D,2,2.8,0.492583,0.507417,4.0,-0.000681331,2.0
potentiel_3D,2,2.82,0.492583,0.507417,4.0,-0.000681331,2.0
potentiel_3D,2,2.84,0.492583,0.507417,4.0,-0.000681331,2.0
potentiel_3D,2,2.86,0.492583,0.507417,4.0,-0.000681331,2.0
potentiel_3D,2,2.88,0.492583,0.507417,4.0,-0.000681331,2.0
potentiel_3D,2,2.9,0.492583,0.507417,4.0,-0.000681331,2.0
potentiel_3D,2,2.92,0.492583,0.507417,4.0,-0.000681331,2.0
potentiel_3D,2,2.94,0.492583,0.507417,4.0,-0.000681331,2.0
potentiel_3D,2,2.96,0.492583,0.507417,4.0,-0.000681331,2.0
potentiel_3D,2,2.98,0.492583,0.507417,4.0,-0.000681331,2.0
volume_3D,1,0.0,1.0,0.0,4.0,0.0,2.0
volume_3D,1,0.02,1.0,0.0,4.0,0.0,2.0
volume_3D,1,0.04,1.0,3.27929e-09,4.00000001311716,-1.31172e-08,2.0
volume_3D,1,0.06,1.0,2.08314e-07,4.000000833256,-8.33257e-07,2.0
volume_3D,1,0.08,0.999998,2.36692e-06,4.000001467680001,-9.46765e-06,1.99999
volume_3D,1,0.1,0.999987,1.32822e-05,4.0000011288,-5.31282e-05,1.99995
volume_3D,1,0.12,0.999949,5.06283e-05,3.9999985132,-0.000202503,1.9998
volume_3D,1,0.14,0.999849,0.000151089,4.000000356,-0.000604265,1.9994
volume_3D,1,0.16,0.999619,0.000380792,3.999999168,-0.00152259,1.99848
volume_3D,1,0.18,0.999152,0.000847965,3.99999986,-0.00338899,1.99661
volume_3D,1,0.2,0.998282,0.00171764,3.99999856,-0.00685879,1.99314
volume_3D,1,0.22,0.996772,0.00322802,4.00000008,-0.0128705,1.98713
volume_3D,1,0.24,0.994292,0.00570769,3.99999876,-0.0227007,1.9773
volume_3D,1,0.26,0.990408,0.00959245,4.0000018,-0.0380022,1.962
volume_3D,1,0.28,0.984561,0.0154393,4.0000012,-0.0608048,1.9392
volume_3D,1,0.3,0.976066,0.0239341,4.0000004,-0.0934479,1.90655
volume_3D,1,0.32,0.964111,0.0358888,3.9999992000000004,-0.138409,1.8616
volume_3D,1,0.34,0.94778,0.0522199,3.9999995999999998,-0.197983,1.80203
volume_3D,1,0.36,0.926096,0.073904,4.0,-0.273789,1.72623
volume_3D,1,0.38,0.898098,0.101902,4.0,-0.366107,1.63393
volume_3D,1,0.4,0.862951,0.137049,4.0,-0.473126,1.52693
volume_3D,1,0.42,0.820083,0.179917,4.0,-0.590286,1.40981
volume_3D,1,0.44,0.769333,0.230667,4.0,-0.709989,1.29016
volume_3D,1,0.46,0.711093,0.288907,4.0,-0.821977,1.17824
volume_3D,1,0.48,0.646388,0.353612,4.0,-0.914584,1.08572
volume_3D,1,0.5,0.576873,0.423127,4.0,-0.97676,1.02364
volume_3D,1,0.52,0.504721,0.495279,4.0,-1.00041,1.00009
volume_3D,1,0.54,0.432404,0.567596,4.0,-0.98233,1.01828
volume_3D,1,0.56,0.362415,0.637585,4.0,-0.924986,1.07572
volume_3D,1,0.58,0.296979,0.703021,4.0,-0.835919,1.16487
volume_3D,1,0.6,0.237827,0.762173,4.0,-0.725921,1.27494
volume_3D,1,0.62,0.186069,0.813931,4.0,-0.606702,1.39421
volume_3D,1,0.64,0.142174,0.857826,4.0,-0.488795,1.51216
volume_3D,1,0.66,0.106049,0.893951,4.0,-0.380189,1.62079
volume_3D,1,0.68,0.0771655,0.922835,4.000002,-0.285839,1.71516
volume_3D,1,0.7,0.0547139,0.945286,3.9999995999999998,-0.207887,1.79312
volume_3D,1,0.72,0.037743,0.962257,4.0,-0.146285,1.85473
volume_3D,1,0.74,0.0252733,0.974727,4.0000012,-0.0995529,1.90146
volume_3D,1,0.76,0.0163773,0.983623,4.0000012,-0.0654526,1.93556
volume_3D,1,0.78,0.010228,0.989772,4.0,-0.0415103,1.95951
volume_3D,1,0.8,0.00612244,0.993878,4.00000176,-0.0253571,1.97566
volume_3D,1,0.82,0.00348729,0.996513,4.00000116,-0.0149179,1.9861
volume_3D,1,0.84,0.00187166,0.998128,3.9999986400000003,-0.00849011,1.99253
volume_3D,1,0.86,0.000933946,0.999066,3.999999784,-0.0047498,1.99627
volume_3D,1,0.88,0.00042519,0.999575,4.00000076,-0.00271755,1.9983
volume_3D,1,0.9,0.000171804,0.999828,3.9999992160000004,-0.00170461,1.99931
volume_3D,1,0.92,5.90487e-05,0.999941,4.0000001948,-0.0012537,1.99976
volume_3D,1,0.94,1.60886e-05,0.999984,4.0000003544,-0.00108187,1.99994
volume_3D,1,0.96,3.05197e-06,0.999997,4.00000020788,-0.00102972,1.99999
volume_3D,1,0.98,3.03768e-07,1.0,4.000001215072,-0.00101873,2.0
volume_3D,1,1.0,6.81338e-09,1.0,4.00000002725352,-0.00101754,2.0
volume_3D,1,1.02,1.43197e-14,1.0,4.000000000000057,-0.00101752,2.0
volume_3D,1,1.04,-3.08173e-15,1.0,3.9999999999999876,-0.00101752,2.0
volume_3D,1,1.06,-3.08173e-15,1.0,3.9999999999999876,-0.00101752,2.0
volume_3D,1,1.08,-3.08173e-15,1.0,3.9999999999999876,-0.00101752,2.0
volume_3D,1,1.1,-3.08173e-15,1.0,3.9999999999999876,-0.00101752,2.0
volume_3D,1,1.12,-3.08173e-15,1.0,3.9999999999999876,-0.00101752,2.0
volume_3D,1,1.14,-3.08173e-15,1.0,3.9999999999999876,-0.00101752,2.0
volume_3D,1,1.16,-3.08173e-15,1.0,3.9999999999999876,-0.00101752,2.0
volume_3D,1,1.18,-3.08173e-15,1.0,3.9999999999999876,-0.00101752,2.0
volume_3D,1,1.2,-3.08173e-15,1.0,3.9999999999999876,-0.00101752,2.0
volume_3D,1,1.22,-3.08173e-15,1.0,3.9999999999999876,-0.00101752,2.0
volume_3D,1,1.24,-3.08173e-15,1.0,3.9999999999999876,-0.00101752,2.0
volume_3D,1,1.26,-3.08173e-15,1.0,3.9999999999999876,-0.00101752,2.0
volume_3D,1,1.28,-3.08173e-15,1.0,3.9999999999999876,-0.00101752,2.0
volume_3D,1,1.3,-3.08173e-15,1.0,3.9999999999999876,-0.00101752,2.0
volume_3D,1,1.32,-3.08173e-15,1.0,3.9999999999999876,-0.00101752,2.0
volume_3D,1,1.34,-3.08173e-15,1.0,3.9999999999999876,-0.00101752,2.0
volume_3D,1,1.36,-3.08173e-15,1.0,3.9999999999999876,-0.00101752,2.0
volume_3D,1,1.38,-3.08173e-15,1.0,3.9999999999999876,-0.00101752,2.0
volume_3D,1,1.4,-3.08173e-15,1.0,3.9999999999999876,-0.00101752,2.0
volume_3D,1,1.42,-3.08173e-15,1.0,3.9999999999999876,-0.00101752,2.0
volume_3D,1,1.44,-3.08173e-15,1.0,3.9999999999999876,-0.00101752,2.0
volume_3D,1,1.46,-3.08173e-15,1.0,3.9999999999999876,-0.00101752,2.0
volume_3D,1,1.48,-3.08173e-15,1.0,3.9999999999999876,-0.00101752,2.0
volume_3D,1,1.5,-3.08173e-15,1.0,3.9999999999999876,-0.00101752,2.0
volume_3D,1,1.52,-3.08173e-15,1.0,3.9999999999999876,-0.00101752,2.0
volume_3D,1,1.54,-3.08173e-15,1.0,3.9999999999999876,-0.00101752,2.0
volume_3D,1,1.56,-3.08173e-15,1.0,3.9999999999999876,-0.00101752,2.0
volume_3D,1,1.58,-3.08173e-15,1.0,3.9999999999999876,-0.00101752,2.0
volume_3D,1,1.6,-3.08173e-15,1.0,3.9999999999999876,-0.00101752,2.0
volume_3D,1,1.62,-3.08173e-15,1.0,3.9999999999999876,-0.00101752,2.0
volume_3D,1,1.64,-3.08173e-15,1.0,3.9999999999999876,-0.00101752,2.0
volume_3D,1,1.66,-3.08173e-15,1.0,3.9999999999999876,-0.00101752,2.0
volume_3D,1,1.68,-3.08173e-15,1.0,3.9999999999999876,-0.00101752,2.0
volume_3D,1,1.7,-3.08173e-15,1.0,3.9999999999999876,-0.00101752,2.0
volume_3D,1,1.72,-3.08173e-15,1.0,3.9999999999999876,-0.00101752,2.0
volume_3D,1,1.74,-3.08173e-15,1.0,3.9999999999999876,-0.00101752,2.0
volume_3D,1,1.76,-3.08173e-15,1.0,3.9999999999999876,-0.00101752,2.0
volume_3D,1,1.78,-3.08173e-15,1.0,3.9999999999999876,-0.00101752,2.0
volume_3D,1,1.8,-3.08173e-15,1.0,3.9999999999999876,-0.00101752,2.0
volume_3D,1,1.82,-3.08173e-15,1.0,3.9999999999999876,-0.00101752,2.0
volume_3D,1,1.84,-3.08173e-15,1.0,3.9999999999999876,-0.00101752,2.0
volume_3D,1,1.86,-3.08173e-15,1.0,3.9999999999999876,-0.00101752,2.0
volume_3D,1,1.88,-3.08173e-15,1.0,3.9999999999999876,-0.00101752,2.0
volume_3D,1,1.9,-3.08173e-15,1.0,3.9999999999999876,-0.00101752,2.0
volume_3D,1,1.92,-3.08173e-15,1.0,3.9999999999999876,-0.00101752,2.0
volume_3D,1,1.94,-3.08173e-15,1.0,3.9999999999999876,-0.00101752,2.0
volume_3D,1,1.96,-3.08173e-15,1.0,3.9999999999999876,-0.00101752,2.0
volume_3D,1,1.98,-3.08173e-15,1.0,3.9999999999999876,-0.00101752,2.0
volume_3D,1,2.0,-3.08173e-15,1.0,3.9999999999999876,-0.00101752,2.0
volume_3D,1,2.02,-3.08173e-15,1.0,3.9999999999999876,-0.00101752,2.0
volume_3D,1,2.04,-3.08173e-15,1.0,3.9999999999999876,-0.00101752,2.0
volume_3D,1,2.06,-3.08173e-15,1.0,3.9999999999999876,-0.00101752,2.0
volume_3D,1,2.08,-3.08173e-15,1.0,3.9999999999999876,-0.00101752,2.0
volume_3D,1,2.1,-3.08173e-15,1.0,3.9999999999999876,-0.00101752,2.0
volume_3D,1,2.12,-3.08173e-15,1.0,3.9999999999999876,-0.00101752,2.0
volume_3D,1,2.14,-3.08173e-15,1.0,3.9999999999999876,-0.00101752,2.0
volume_3D,1,2.16,-3.08173e-15,1.0,3.9999999999999876,-0.00101752,2.0
volume_3D,1,2.18,-3.08173e-15,1.0,3.9999999999999876,-0.00101752,2.0
volume_3D,1,2.2,-3.08173e-15,1.0,3.9999999999999876,-0.00101752,2.0
volume_3D,1,2.22,-3.08173e-15,1.0,3.9999999999999876,-0.00101752,2.0
volume_3D,1,2.24,-3.08173e-15,1.0,3.9999999999999876,-0.00101752,2.0
volume_3D,1,2.26,-3.08173e-15,1.0,3.9999999999999876,-0.00101752,2.0
volume_3D,1,2.28,-3.08173e-15,1.0,3.9999999999999876,-0.00101752,2.0
volume_3D,1,2.3,-3.08173e-15,1.0,3.9999999999999876,-0.00101752,2.0
volume_3D,1,2.32,-3.08173e-15,1.0,3.9999999999999876,-0.00101752,2.0
volume_3D,1,2.34,-3.08173e-15,1.0,3.9999999999999876,-0.00101752,2.0
volume_3D,1,2.36,-3.08173e-15,1.0,3.9999999999999876,-0.00101752,2.0
volume_3D,1,2.38,-3.08173e-15,1.0,3.9999999999999876,-0.00101752,2.0
volume_3D,1,2.4,-3.08173e-15,1.0,3.9999999999999876,-0.00101752,2.0
volume_3D,1,2.42,-3.08173e-15,1.0,3.9999999999999876,-0.00101752,2.0
volume_3D,1,2.44,-3.08173e-15,1.0,3.9999999999999876,-0.00101752,2.0
volume_3D,1,2.46,-3.08173e-15,1.0,3.9999999999999876,-0.00101752,2.0
volume_3D,1,2.48,-3.08173e-15,1.0,3.9999999999999876,-0.00101752,2.0
volume_3D,1,2.5,-3.08173e-15,1.0,3.9999999999999876,-0.00101752,2.0
volume_3D,1,2.52,-3.08173e-15,1.0,3.9999999999999876,-0.00101752,2.0
volume_3D,1,2.54,-3.08173e-15,1.0,3.9999999999999876,-0.00101752,2.0
volume_3D,1,2.56,-3.08173e-15,1.0,3.9999999999999876,-0.00101752,2.0
volume_3D,1,2.58,-3.08173e-15,1.0,3.9999999999999876,-0.00101752,2.0
volume_3D,1,2.6,-3.08173e-15,1.0,3.9999999999999876,-0.00101752,2.0
volume_3D,1,2.62,-3.08173e-15,1.0,3.9999999999999876,-0.00101752,2.0
volume_3D,1,2.64,-3.08173e-15,1.0,3.9999999999999876,-0.00101752,2.0
volume_3D,1,2.66,-3.08173e-15,1.0,3.9999999999999876,-0.00101752,2.0
volume_3D,1,2.68,-3.08173e-15,1.0,3.9999999999999876,-0.00101752,2.0
volume_3D,1,2.7,-3.08173e-15,1.0,3.9999999999999876,-0.00101752,2.0
volume_3D,1,2.72,-3.08173e-15,1.0,3.9999999999999876,-0.00101752,2.0
volume_3D,1,2.74,-3.08173e-15,1.0,3.9999999999999876,-0.00101752,2.0
volume_3D,1,2.76,-3.08173e-15,1.0,3.9999999999999876,-0.00101752,2.0
volume_3D,1,2.78,-3.08173e-15,1.0,3.9999999999999876,-0.00101752,2.0
volume_3D,1,2.8,-3.08173e-15,1.0,3.9999999999999876,-0.00101752,2.0
volume_3D,1,2.82,-3.08173e-15,1.0,3.9999999999999876,-0.00101752,2.0
volume_3D,1,2.84,-3.08173e-15,1.0,3.9999999999999876,-0.00101752,2.0
volume_3D,1,2.86,-3.08173e-15,1.0,3.9999999999999876,-0.00101752,2.0
volume_3D,1,2.88,-3.08173e-15,1.0,3.9999999999999876,-0.00101752,2.0
volume_3D,1,2.9,-3.08173e-15,1.0,3.9999999999999876,-0.00101752,2.0
volume_3D,1,2.92,-3.08173e-15,1.0,3.9999999999999876,-0.00101752,2.0
volume_3D,1,2.94,-3.08173e-15,1.0,3.9999999999999876,-0.00101752,2.0
volume_3D,1,2.96,-3.08173e-15,1.0,3.9999999999999876,-0.00101752,2.0
volume_3D,1,2.98,-3.08173e-15,1.0,3.9999999999999876,-0.00101752,2.0
volume_3D,2,0.0,1.0,0.0,4.0,0.0,2.0
volume_3D,2,0.02,1.0,0.0,4.0,0.0,2.0
volume_3D,2,0.04,1.0,3.27929e-09,4.00000001311716,-1.31172e-08,2.0
volume_3D,2,0.06,1.0,2.08314e-07,4.000000833256,-8.33257e-07,2.0
volume_3D,2,0.08,0.999998,2.36692e-06,4.000001467680001,-9.46765e-06,1.99999
volume_3D,2,0.1,0.999987,1.32822e-05,4.0000011288,-5.31281e-05,1.99995
volume_3D,2,0.12,0.999949,5.06282e-05,3.9999985128,-0.000202502,1.9998
volume_3D,2,0.14,0.999849,0.000151088,4.000000352,-0.000604257,1.9994
volume_3D,2,0.16,0.999619,0.000380786,3.9999991440000002,-0.00152254,1.99848
volume_3D,2,0.18,0.999152,0.000847938,3.9999997520000004,-0.00338873,1.99661
volume_3D,2,0.2,0.998282,0.00171753,3.99999812,-0.00685773,1.99314
volume_3D,2,0.22,0.996772,0.00322763,3.99999852,-0.0128667,1.98713
volume_3D,2,0.24,0.994294,0.00570647,4.00000188,-0.022689,1.97731
volume_3D,2,0.26,0.990411,0.00958899,3.9999999600000002,-0.0379693,1.96203
volume_3D,2,0.28,0.98457,0.0154303,4.0000012,-0.06072,1.93928
volume_3D,2,0.3,0.976087,0.0239126,3.9999984,-0.0932456,1.90676
volume_3D,2,0.32,0.96416,0.0358402,4.0000008000000005,-0.137959,1.86205
volume_3D,2,0.34,0.947883,0.0521169,3.9999996,-0.197044,1.80297
volume_3D,2,0.36,0.926303,0.0736972,4.0000008,-0.271946,1.72808
volume_3D,2,0.38,0.898493,0.101507,4.0,-0.362695,1.63734
volume_3D,2,0.4,0.863667,0.136333,4.0,-0.467164,1.5329
volume_3D,2,0.42,0.821321,0.178679,4.0,-0.580456,1.41965
volume_3D,2,0.44,0.77138,0.22862,4.0,-0.694704,1.30545
volume_3D,2,0.46,0.714326,0.285674,4.0,-0.799588,1.20063
volume_3D,2,0.48,0.651268,0.348732,4.0,-0.883719,1.11659
volume_3D,2,0.5,0.583923,0.416077,4.0,-0.936737,1.06366
volume_3D,2,0.52,0.514573,0.485427,4.0,-0.951541,1.04896
volume_3D,2,0.54,0.445787,0.554213,4.0,-0.926227,1.07437
volume_3D,2,0.56,0.379746,0.620254,4.0,-0.864507,1.13619
volume_3D,2,0.58,0.318339,0.681661,4.0,-0.77438,1.22639
volume_3D,2,0.6,0.263102,0.736898,4.0,-0.666446,1.33439
volume_3D,2,0.62,0.215073,0.784927,4.0,-0.551885,1.449
volume_3D,2,0.64,0.174648,0.825352,4.0,-0.440469,1.56045
volume_3D,2,0.66,0.141638,0.858362,4.0,-0.339295,1.66165
volume_3D,2,0.68,0.115458,0.884542,4.0,-0.252516,1.74844
volume_3D,2,0.7,0.0952818,0.904718,3.9999992,-0.181667,1.8193
volume_3D,2,0.72,0.0801723,0.919828,4.0000012,-0.126327,1.87464
volume_3D,2,0.74,0.069185,0.930815,4.0,-0.0848404,1.91613
volume_3D,2,0.76,0.0614391,0.938561,4.0000004,-0.0549496,1.94602
volume_3D,2,0.78,0.056159,0.943841,4.0,-0.034259,1.96672
volume_3D,2,0.8,0.0526922,0.947308,4.0000008000000005,-0.0205284,1.98045
volume_3D,2,0.82,0.0505122,0.949488,4.0000008,-0.0118299,1.98915
volume_3D,2,0.84,0.0492096,0.95079,3.9999984,-0.006605,1.99437
volume_3D,2,0.86,0.048478,0.951522,4.0,-0.00365956,1.99732
volume_3D,2,0.88,0.0480978,0.951902,3.9999992,-0.00212465,1.99885
volume_3D,2,0.9,0.0479192,0.952081,4.0000008,-0.00140186,1.99957
volume_3D,2,0.92,0.047846,0.952154,4.0,-0.00110497,1.99987
volume_3D,2,0.94,0.0478213,0.952179,4.0000012,-0.00100463,1.99997
volume_3D,2,0.96,0.0478151,0.952185,4.000000399999999,-0.000979527,2.0
volume_3D,2,0.98,0.0478142,0.952186,4.0000008,-0.000975795,2.0
volume_3D,2,1.0,0.0478142,0.952186,4.0000008,-0.000975608,2.0
volume_3D,2,1.02,0.0478142,0.952186,4.0000008,-0.000975607,2.0
volume_3D,2,1.04,0.0478142,0.952186,4.0000008,-0.000975607,2.0
volume_3D,2,1.06,0.0478142,0.952186,4.0000008,-0.000975607,2.0
volume_3D,2,1.08,0.0478142,0.952186,4.0000008,-0.000975607,2.0
volume_3D,2,1.1,0.0478142,0.952186,4.0000008,-0.000975607,2.0
volume_3D,2,1.12,0.0478142,0.952186,4.0000008,-0.000975607,2.0
volume_3D,2,1.14,0.0478142,0.952186,4.0000008,-0.000975607,2.0
volume_3D,2,1.16,0.0478142,0.952186,4.0000008,-0.000975607,2.0
volume_3D,2,1.18,0.0478142,0.952186,4.0000008,-0.000975607,2.0
volume_3D,2,1.2,0.0478142,0.952186,4.0000008,-0.000975607,2.0
volume_3D,2,1.22,0.0478142,0.952186,4.0000008,-0.000975607,2.0
volume_3D,2,1.24,0.0478142,0.952186,4.0000008,-0.000975607,2.0
volume_3D,2,1.26,0.0478142,0.952186,4.0000008,-0.000975607,2.0
volume_3D,2,1.28,0.0478142,0.952186,4.0000008,-0.000975607,2.0
volume_3D,2,1.3,0.0478142,0.952186,4.0000008,-0.000975607,2.0
volume_3D,2,1.32,0.0478142,0.952186,4.0000008,-0.000975607,2.0
volume_3D,2,1.34,0.0478142,0.952186,4.0000008,-0.000975607,2.0
volume_3D,2,1.36,0.0478142,0.952186,4.0000008,-0.000975607,2.0
volume_3D,2,1.38,0.0478142,0.952186,4.0000008,-0.000975607,2.0
volume_3D,2,1.4,0.0478142,0.952186,4.0000008,-0.000975607,2.0
volume_3D,2,1.42,0.0478142,0.952186,4.0000008,-0.000975607,2.0
volume_3D,2,1.44,0.0478142,0.952186,4.0000008,-0.000975607,2.0
volume_3D,2,1.46,0.0478142,0.952186,4.0000008,-0.000975607,2.0
volume_3D,2,1.48,0.0478142,0.952186,4.0000008,-0.000975607,2.0
volume_3D,2,1.5,0.0478142,0.952186,4.0000008,-0.000975607,2.0
volume_3D,2,1.52,0.0478142,0.952186,4.0000008,-0.000975607,2.0
volume_3D,2,1.54,0.0478142,0.952186,4.0000008,-0.000975607,2.0
volume_3D,2,1.56,0.0478142,0.952186,4.0000008,-0.000975607,2.0
volume_3D,2,1.58,0.0478142,0.952186,4.0000008,-0.000975607,2.0
volume_3D,2,1.6,0.0478142,0.952186,4.0000008,-0.000975607,2.0
volume_3D,2,1.62,0.0478142,0.952186,4.0000008,-0.000975607,2.0
volume_3D,2,1.64,0.0478142,0.952186,4.0000008,-0.000975607,2.0
volume_3D,2,1.66,0.0478142,0.952186,4.0000008,-0.000975607,2.0
volume_3D,2,1.68,0.0478142,0.952186,4.0000008,-0.000975607,2.0
volume_3D,2,1.7,0.0478142,0.952186,4.0000008,-0.000975607,2.0
volume_3D,2,1.72,0.0478142,0.952186,4.0000008,-0.000975607,2.0
volume_3D,2,1.74,0.0478142,0.952186,4.0000008,-0.000975607,2.0
volume_3D,2,1.76,0.0478142,0.952186,4.0000008,-0.000975607,2.0
volume_3D,2,1.78,0.0478142,0.952186,4.0000008,-0.000975607,2.0
volume_3D,2,1.8,0.0478142,0.952186,4.0000008,-0.000975607,2.0
volume_3D,2,1.82,0.0478142,0.952186,4.0000008,-0.000975607,2.0
volume_3D,2,1.84,0.0478142,0.952186,4.0000008,-0.000975607,2.0
volume_3D,2,1.86,0.0478142,0.952186,4.0000008,-0.000975607,2.0
volume_3D,2,1.88,0.0478142,0.952186,4.0000008,-0.000975607,2.0
volume_3D,2,1.9,0.0478142,0.952186,4.0000008,-0.000975607,2.0
volume_3D,2,1.92,0.0478142,0.952186,4.0000008,-0.000975607,2.0
volume_3D,2,1.94,0.0478142,0.952186,4.0000008,-0.000975607,2.0
volume_3D,2,1.96,0.0478142,0.952186,4.0000008,-0.000975607,2.0
volume_3D,2,1.98,0.0478142,0.952186,4.0000008,-0.000975607,2.0
volume_3D,2,2.0,0.0478142,0.952186,4.0000008,-0.000975607,2.0
volume_3D,2,2.02,0.0478142,0.952186,4.0000008,-0.000975607,2.0
volume_3D,2,2.04,0.0478142,0.952186,4.0000008,-0.000975607,2.0
volume_3D,2,2.06,0.0478142,0.952186,4.0000008,-0.000975607,2.0
volume_3D,2,2.08,0.0478142,0.952186,4.0000008,-0.000975607,2.0
volume_3D,2,2.1,0.0478142,0.952186,4.0000008,-0.000975607,2.0
volume_3D,2,2.12,0.0478142,0.952186,4.0000008,-0.000975607,2.0
volume_3D,2,2.14,0.0478142,0.952186,4.0000008,-0.000975607,2.0
volume_3D,2,2.16,0.0478142,0.952186,4.0000008,-0.000975607,2.0
volume_3D,2,2.18,0.0478142,0.952186,4.0000008,-0.000975607,2.0
volume_3D,2,2.2,0.0478142,0.952186,4.0000008,-0.000975607,2.0
volume_3D,2,2.22,0.0478142,0.952186,4.0000008,-0.000975607,2.0
volume_3D,2,2.24,0.0478142,0.952186,4.0000008,-0.000975607,2.0
volume_3D,2,2.26,0.0478142,0.952186,4.0000008,-0.000975607,2.0
volume_3D,2,2.28,0.0478142,0.952186,4.0000008,-0.000975607,2.0
volume_3D,2,2.3,0.0478142,0.952186,4.0000008,-0.000975607,2.0
volume_3D,2,2.32,0.0478142,0.952186,4.0000008,-0.000975607,2.0
volume_3D,2,2.34,0.0478142,0.952186,4.0000008,-0.000975607,2.0
volume_3D,2,2.36,0.0478142,0.952186,4.0000008,-0.000975607,2.0
volume_3D,2,2.38,0.0478142,0.952186,4.0000008,-0.000975607,2.0
volume_3D,2,2.4,0.0478142,0.952186,4.0000008,-0.000975607,2.0
volume_3D,2,2.42,0.0478142,0.952186,4.0000008,-0.000975607,2.0
volume_3D,2,2.44,0.0478142,0.952186,4.0000008,-0.000975607,2.0
volume_3D,2,2.46,0.0478142,0.952186,4.0000008,-0.000975607,2.0
volume_3D,2,2.48,0.0478142,0.952186,4.0000008,-0.000975607,2.0
volume_3D,2,2.5,0.0478142,0.952186,4.0000008,-0.000975607,2.0
volume_3D,2,2.52,0.0478142,0.952186,4.0000008,-0.000975607,2.0
volume_3D,2,2.54,0.0478142,0.952186,4.0000008,-0.000975607,2.0
volume_3D,2,2.56,0.0478142,0.952186,4.0000008,-0.000975607,2.0
volume_3D,2,2.58,0.0478142,0.952186,4.0000008,-0.000975607,2.0
volume_3D,2,2.6,0.0478142,0.952186,4.0000008,-0.000975607,2.0
volume_3D,2,2.62,0.0478142,0.952186,4.0000008,-0.000975607,2.0
volume_3D,2,2.64,0.0478142,0.952186,4.0000008,-0.000975607,2.0
volume_3D,2,2.66,0.0478142,0.952186,4.0000008,-0.000975607,2.0
volume_3D,2,2.68,0.0478142,0.952186,4.0000008,-0.000975607,2.0
volume_3D,2,2.7,0.0478142,0.952186,4.0000008,-0.000975607,2.0
volume_3D,2,2.72,0.0478142,0.952186,4.0000008,-0.000975607,2.0
volume_3D,2,2.74,0.0478142,0.952186,4.0000008,-0.000975607,2.0
volume_3D,2,2.76,0.0478142,0.952186,4.0000008,-0.000975607,2.0
volume_3D,2,2.78,0.0478142,0.952186,4.0000008,-0.000975607,2.0
volume_3D,2,2.8,0.0478142,0.952186,4.0000008,-0.000975607,2.0
volume_3D,2,2.82,0.0478142,0.952186,4.0000008,-0.000975607,2.0
volume_3D,2,2.84,0.0478142,0.952186,4.0000008,-0.000975607,2.0
volume_3D,2,2.86,0.0478142,0.952186,4.0000008,-0.000975607,2.0
volume_3D,2,2.88,0.0478142,0.952186,4.0000008,-0.000975607,2.0
volume_3D,2,2.9,0.0478142,0.952186,4.0000008,-0.000975607,2.0
volume_3D,2,2.92,0.0478142,0.952186,4.0000008,-0.000975607,2.0
volume_3D,2,2.94,0.0478142,0.952186,4.0000008,-0.000975607,2.0
volume_3D,2,2.96,0.0478142,0.952186,4.0000008,-0.000975607,2.0
volume_3D,2,2.98,0.0478142,0.952186,4.0000008,-0.000975607,2.0
