regime,loi,division_dt,dt_s,W_journal_J,W_jw_J,W_rectangle_J,W_trapeze_J,amplitude_J,Dmax
intact,plastic,1,7.5e-12,2.48441e-10,2.4844103771e-10,2.4844120874919986e-10,-0.0,3.309015e-07,0.0
intact,plastic,2,3.75e-12,1.242205e-10,1.2422051886e-10,1.2422060437462397e-10,-0.0,3.30591e-07,0.0
intact,plastic,4,1.875e-12,6.211026e-11,6.211025943e-11,6.211030218740813e-11,-0.0,3.304357e-07,0.0
intact,origin,1,7.5e-12,2.48441e-10,2.4844103771e-10,2.4844120874919986e-10,-0.0,3.309015e-07,0.0
intact,origin,2,3.75e-12,1.242205e-10,1.2422051886e-10,1.2422060437462397e-10,-0.0,3.30591e-07,0.0
intact,origin,4,1.875e-12,6.211026e-11,6.211025943e-11,6.211030218740813e-11,-0.0,3.304357e-07,0.0
intact,solidity,1,7.5e-12,1.928556e-08,1.9285560228799994e-08,1.9285573506041436e-08,1.8989976178376062e-08,4.342958e-07,0.0
intact,solidity,2,3.75e-12,1.913776e-08,1.9137759886400003e-08,1.913777306190093e-08,1.898997439806829e-08,4.339228e-07,0.0
intact,solidity,4,1.875e-12,1.906386e-08,1.90638601603e-08,1.9063873284907377e-08,1.8989973952990914e-08,4.337362e-07,0.0
endommage,plastic,1,1e-09,-8.109905e-05,-8.109905043099998e-05,-8.10991062634539e-05,-8.135818953340955e-05,0.0003870956,0.877666
endommage,plastic,2,5e-10,-8.122844e-05,-8.122843946e-05,-8.122849538155696e-05,-8.135803694175039e-05,0.0003874017,0.877666
endommage,plastic,4,2.5e-10,-8.129312e-05,-8.1293123241e-05,-8.129317920723728e-05,-8.135794996839067e-05,0.0003875543,0.877666
endommage,origin,1,1e-09,2.504321e-07,2.50432078900002e-07,2.5043225125990376e-07,-0.0,0.0001390973,0.54608
endommage,origin,2,5e-10,1.25216e-07,1.2521603940000235e-07,1.2521612562995495e-07,-0.0,0.0001391691,0.54608
endommage,origin,4,2.5e-10,6.260802e-08,6.260801970000456e-08,6.260806281498055e-08,-0.0,0.0001392049,0.54608
endommage,solidity,1,1e-09,0.0005273079,0.00052730785632,0.0005273082193447345,0.0005269665500165907,0.001723214,0.471197
endommage,solidity,2,5e-10,0.000527137,0.00052713703062,0.0005271373935324639,0.0005269665588683919,0.001722774,0.471197
endommage,solidity,4,2.5e-10,0.0005270516,0.0005270516155699999,0.0005270519784175051,0.0005269665610854692,0.001722554,0.471197
