N,amort,v_sortie_m_s,v_sur_2v,t_contact_us,t_sur_2Lc,perte_rel,perte_x_N
10,0.00,18.798458,0.939923,45.5809,0.980000,1.009097e-01,1.00910
25,0.00,19.444560,0.972228,46.3251,0.996000,3.930412e-02,0.98260
50,0.00,19.683044,0.984152,46.5111,1.000000,1.983520e-02,0.99176
100,0.00,19.816132,0.990807,46.5576,1.001000,9.997482e-03,0.99975
200,0.00,19.891835,0.994592,46.5809,1.001500,4.899954e-03,0.97999
400,0.00,19.935574,0.996779,46.5692,1.001250,2.474729e-03,0.98989
800,0.00,19.961226,0.998061,46.5518,1.000875,1.244535e-03,0.99563
1600,0.00,19.976460,0.998823,46.5402,1.000625,6.050549e-04,0.96809
10,0.05,14.771648,0.738582,46.5111,1.000000,1.899051e+00,18.99051
25,0.05,16.530532,0.826527,47.6274,1.024000,1.629176e+00,40.72941
50,0.05,17.066124,0.853306,47.8134,1.028000,1.609474e+00,80.47372
100,0.05,16.894255,0.844713,49.8599,1.072000,1.807898e+00,180.78978
200,0.05,16.641709,0.832085,52.3948,1.126500,2.251784e+00,450.35688
400,0.05,15.974332,0.798717,57.7435,1.241500,3.131478e+00,1252.59133
800,0.05,14.782344,0.739117,65.0865,1.399375,4.428438e+00,3542.75072
1600,0.05,12.067006,0.603350,75.3596,1.620250,6.299477e+00,10079.16298
