t_us,v_moy,v_noeud0,v_noeudN,F_mur_N_m2,Ec_J_m2,Ee_J_m2,W_mur_J_m2
0.000000,0,0,0,0,0,0,0
0.930222,0.439214093,10,0,108526876,540.521237,489.828014,1146.34878
1.860444,0.839582804,10,0,113165176,1063.07913,1012.04316,2191.31112
2.790666,1.24029672,10,0,112687620,1587.01171,1534.06226,3237.17444
3.720888,1.64005759,10,0,111776965,2108.40342,2055.99816,4280.5503
4.651110,2.03984348,10,4.01734511e-138,112155644,2629.79953,2578.0682,5323.99149
5.581332,2.44001915,10,1.62752591e-110,112500931,3152.31023,3100.00622,6368.44997
6.511554,2.84008819,10,2.53127099e-93,112190053,3674.44204,3622.05435,7412.63017
7.441776,3.23995789,10,5.85677686e-80,112070195,4196.14085,4144.0219,8456.29009
8.371998,3.63995392,10,6.36109465e-69,112313772,4718.10358,4666.03921,9500.27973
9.302220,4.04004609,10,1.60767455e-59,112318099,5240.3588,5188.03499,10544.5203
10.232442,4.44001794,10,2.3572829e-51,112140167,5762.28169,5710.0291,11588.4468
11.162663,4.8399586,10,3.58954594e-44,112197299,6284.12165,6232.0417,12632.2919
12.092885,5.24000082,10,8.44881792e-38,112314176,6806.24299,6754.02579,13676.4021
13.023107,5.64003256,10,4.08601894e-32,112228591,7328.31162,7276.04196,14720.485
13.953329,6.03998756,10,5.01127928e-27,112165411,7850.20875,7798.02796,15764.3675
14.883551,6.43997788,10,1.82722919e-22,112257341,8372.17079,8320.03813,16808.3423
15.813773,6.84001839,10,2.23683546e-18,112276348,8894.28581,8842.03262,17852.448
16.743995,7.24001178,10,1.00899082e-14,112192949,9416.26347,9364.03344,18896.4307
17.674217,7.63998009,10,1.79900924e-11,112207246,9938.18154,9886.03669,19940.348
18.604439,8.03999731,10,1.3337186e-08,112272865,10460.2295,10408.0305,20984.393
19.534661,8.44001813,10,4.24704053e-06,112236547,10982.278,10930.0383,22028.4473
20.464883,8.83999557,10,0.000588875254,112193286,11504.2265,11452.0302,23072.3885
21.395105,9.23998584,10,0.0352386433,112240848,12026.1963,11974.034,24116.363
22.325327,9.64000919,10,0.873845358,112261037,12549.9519,12494.0951,25160.424
23.255549,10.040009,10,8.17509754,112211685,13210.8932,12865.3372,26204.4236
24.185771,10.4399885,10,23.7690307,112212254,14772.9303,12330.3319,27248.3699
25.115993,10.8399963,10,18.3621955,112255895,16311.8463,11835.1447,28292.3903
26.046215,11.2400117,10,21.9389436,112239015,17883.2537,11309.7702,29336.4306
26.976437,11.6399989,10,17.9486592,112206246,19443.4796,10796.4378,30380.3971
27.906659,12.0399898,10,20.4175644,112233781,20998.1129,10283.3285,31424.3735
28.836881,12.4400049,10,21.3455213,112252977,22575.7798,9750.95569,32468.4127
29.767103,12.8400074,10,20.0056666,112220769,24133.7188,9235.55205,33512.4192
30.697325,13.2399928,10,19.1029837,112215523,25701.6335,8713.3897,34556.3811
31.627547,13.639996,10,19.1464868,112246874,27271.6519,8186.74951,35600.3896
32.557768,14.0400081,10,19.5684453,112239756,28835.6301,7665.91774,36644.4212
33.487990,14.4400005,10,19.9520404,112213731,30399.2966,7146.27605,37688.4014
34.418212,14.8399923,10,20.1831218,112230187,31964.651,6625.26509,38732.3799
35.348434,15.2400024,10,20.285631,112247876,33530.89,6103.31061,39776.4064
36.278656,15.6400062,10,20.3067468,112225933,35097.183,5581.12531,40820.4161
37.208878,16.0399954,10,20.2787924,112217962,36663.2981,5058.96755,41864.3879
38.139100,16.4399961,10,20.2169254,112241348,38229.3419,4536.82961,42908.3897
39.069322,16.8400058,10,20.1269,112239789,39795.4789,4014.5713,43952.4152
39.999544,17.2400014,10,20.013894,112218635,41361.831,3492.05901,44996.4037
40.929766,17.639994,10,19.8899219,112228206,42928.4863,2969.33524,46040.3844
41.859988,18.0400009,10,19.7779967,112244170,44495.2399,2446.73529,47084.4023
42.790210,18.4400005,10,19.7102423,112224756,46061.4812,1924.77084,48128.4014
43.720432,18.8398531,10,19.7175835,112100123,47626.5325,1403.51769,49172.0166
44.650654,19.2372162,10,19.8122779,110246884,49184.7124,882.336375,50209.1343
45.580876,19.6073265,10,19.9710939,92997268.5,50663.5412,370.119525,51175.1222
46.511098,19.8152242,10,20.1324629,11787799.7,51511.4864,78.3423354,51717.7352
47.441320,19.8161321,21.1093775,20.2187338,0,51352.3524,231.283424,51720.1047
48.371542,19.8161321,23.3510118,20.1802802,0,51375.0396,219.786445,51720.1047
49.301764,19.8161321,16.6622779,20.036814,0,51413.2868,180.346011,51720.1047
50.231986,19.8161321,22.7159481,19.8800845,0,51426.7612,164.964175,51720.1047
51.162208,19.8161321,17.7723884,19.8198577,0,51423.2905,170.560338,51720.1047
52.092430,19.8161321,21.5944387,19.9005135,0,51409.1572,182.727541,51720.1047
53.022652,19.8161321,19.5147036,20.0550919,0,51408.3142,182.488046,51720.1047
53.952873,19.8161321,19.1505274,20.1506444,0,51420.1462,169.425919,51720.1047
54.883095,19.8161321,21.3084378,20.1032371,0,51416.6352,175.251051,51720.1047
55.813317,19.8161321,19.8428778,19.9620139,0,51410.4095,179.882782,51720.1047
